'text','place_name','place_full_name','place_country','screen_name'
'U got listen to @djblord bike week cd breakin out that latest hot music @SMESMusicGroup ','South Carolina','South Carolina, US','United States',''
'Why do ppl come to school, if their not coming to learn??? Just wondering.. ','Chicago Public Schools (Hyde Park Career Academy)','Chicago Public Schools (Hyde Park Career Academy),','United States','062_CobWayne'
'A vida as vezes parece ruim, foi por isso que inventaram a musica (Hayley Williams) ','Caxias do Sul','Caxias do Sul, Rio Grande do Sul','Brasil','1adolescente_'
'SportAccord welcome desk at Heathrow. Fast and efficient. Thank you! #SACon http://t.co/6Dify1i ','Munich','Munich, Munich','Germany','2018PyeongChang'
'Im at Axa Hauptverwaltung (Colonia Alle 10 -20, Kln) http://4sq.com/dWL0TG ','Cologne','Cologne, Cologne','Germany','24z'
'Ugh. Thinking of folks in Japan. ','Castro','Castro, San Francisco','United States','3030vision'
'Agreed RT@liberal_party @M_Ignatieff especially when the politics of fear is imported from hard right Republican politics #elxn41 #cdnpoli ','Ottawa','Ottawa, Ontario','Canada','3mendous'
'Sunny coffee :) @ Au Petit Canon http://gowal.la/p/eaix #photo ','Paris','Paris, Paris','France','4_5_H'
'Spring cleaning? 1500 square feet of carpet cleaning only $99. http://702carpetcleaning.com/ ','Las Vegas','Las Vegas, NV','United States','702cleanfloors'
'www.96fmbauru.com.br ','Bauru','Bauru, Sxe3o Paulo','Brasil','96fmbauru'
'tes tes ','Jakarta Capital Region','Jakarta Capital Region, Indonesia','Indonesia','AANUGRAHARYA'
'http://twitpic.com/4rnori - Siiiiiiiimmmm semana q vem rolar sorteio de dia das mes! Eba! ','Sxe3o Paulo','Sxe3o Paulo, Sxe3o Paulo','Brasil','acasabrigaderia'
'@NateLanxon agreed. Sometimes you just want to mute for awhile too, not just permanently unfollow. ','San Rafael','San Rafael, CA','United States','acedtect'
'Pray like it all depends upon God; live live like it all depends upon you. (@CampusCoach) #statewide ','New Albany','New Albany, MS','United States','adamlgordon'
'No ofenda o Pai dizendo que est s,pois voc no est.Pode o mundo te isolar,mas Deus sempre estar coladinho contigo, segurando sua mo ','Praia Grande','Praia Grande, Sxe3o Paulo','Brasil','AdoreaoRei'
'2nd tweet...:D ','Bandar Kuala Lumpur','Bandar Kuala Lumpur, Kuala Lumpur','Malaysia','Affan_Ardi'
'Im at Botani Square (Jalan Raya Pajajaran No. 69-71, Bogor) w/ 13 others http://4sq.com/kBFizo ','Bogor Selatan','Bogor Selatan, Kota Bogor','Indonesia','afgantengg'
'@K_rieKa emang udah ga kenal, dh ga mau nyapa lagi and I think it is enough for me to let him dissapear from my life.. :) ','Kota Yogyakarta','Kota Yogyakarta, Yogyakarta','Indonesia','AgusSetia'
'My chick badddd ;) ','Violet','Violet, OH','United States','AkaGodwin'
'hahaha RT @Indahptanjung: Iya aja dahRT @akhmadfatchan: chaiyaaaa RT @Indahptanjung: cai yayayRT @inayahdefi: Cal chaiyya ','Jakarta Capital Region','Jakarta Capital Region, Indonesia','Indonesia','akhmadfatchan'
'Derby manchester jam brp sih? Klo msh lama mending tidur..hoaaaaaaam (@ aldoyokie Room) http://4sq.com/hqhoY4 ','Kotabumi','Kotabumi, Lampung Utara','Indonesia','aldoyokie'
'@Rayzajullia seguindo vc !!!!!! ','Sxe3o Paulo','Sxe3o Paulo, Sxe3o Paulo','Brasil','Alexandre_Think'
'Great crowd at Pitch Perfect startup event!  @ Miami City Hall http://instagr.am/p/DjfvX/ ','Miami','Miami, FL','United States','alexdc'
'Flying to Australia tomorrow. Stoked for the shows, not stoked for the flights. ','Atlanta','Atlanta, GA','United States','AlexShelnutt'
'Made it on the elliptical because I told myself it was the only place Im allowed to read @RachaelRaymag. Good motivation! ','Greenville','Greenville, SC','United States','alisonstorm'
'Same old shit, just different day ','Channahon','Channahon, IL','United States','Ali_Mason'
'kere hore :( (@ Zhis Home) http://4sq.com/jYcl4b ','Ngaglik','Ngaglik, Sleman','Indonesia','alleenzhi'
'Im at Rumah Lucky (Jl.alfa, Bandung) http://4sq.com/gNbDFF ','Kota Bandung','Kota Bandung, West Java','Indonesia','almadeaa'
'    ','Saint Petersburg','Saint Petersburg, Saint Petersburg','Russia','alternativshik'
'DANCE TILL YOUR PANTS COME OFF! @keshasuxx @Borgore ','Pittsburgh','Pittsburgh, PA','United States','Amanda4one2'
':) Finally I got this mess working! PTL! ','Leesville','Leesville, NC','United States','AmandaFrateschi'
'masih berani aja tuh anak ','Tangerang','Tangerang, Banten','Indonesia','amandaindrs'
'In the house with snoopdog with @djchuckie dropn shit ','Miami','Miami, FL','United States','amtrac'
'@ilynkinuka OKAY! tak jealous. esok saya nk dating jugak la cmni. haha ','Ampangan','Ampangan, Seremban','Malaysia','AmyraAziz'
'Exit. Otw hotel (@ Bandar Djakarta w/ 25 others) http://4sq.com/lol38B ','Pademangan','Pademangan, Jakarta Utara','Indonesia','andraaaaw'
'Sapa to yg ngambuuuull??? Aku udh bisa karang weeeeekkk RT @putulidyana: Ad yang ... http://tmi.me/4Uo3V ','Denpasar Timur','Denpasar Timur, Denpasar','Indonesia','andri_pawpaw'
'@ ryani s house (@ perumnas 2 kayuringin bekasi) http://4sq.com/kBuTuR ','Bekasi Selatan','Bekasi Selatan, Bekasi','Indonesia','anischan'
'She could put a picture of her faeces on the cover and she still would sell millions! #bornthisway ','Coventry','Coventry, Coventry','United Kingdom','antpantss'
'@J_turner5 new twitter app... Tweetbot take a look its quite nice ','Leeds','Leeds, Leeds','United Kingdom','apscott9'
'Getting ready for work :D ','Newcastle','Newcastle, WY','United States','AQuintana26'
'klo gw lbur, gw psti siap... RT @andriboi: hahhaaa eek bgt..oya to,lu mw ga klo maen ftsal gnt hri mggu jm10... http://mtw.tl/lpqowpy ','Cipayung','Cipayung, Jakarta Timur','Indonesia','ardiy87'
'Im at Liverpool Empire (Lime St., Liverpool) http://4sq.com/dYHDW5 ','Manchester','Manchester, Manchester','United Kingdom','ArgylePhil'
'Met ultah my hubby... (( ) (@ RM BU LANNY) http://4sq.com/kKspzs ','Gampengrejo','Gampengrejo, Kediri','Indonesia','ariestopermana'
'Mbadok (@ Ayam goreng kampret) http://4sq.com/hcEBQQ ','Kembangan','Kembangan, Jakarta Barat','Indonesia','arisdwie'
'quem naum enjoa da NET?????????? ','Mossorxf3','Mossorxf3, Rio Grande do Norte','Brasil','aritania_alves'
'Winning http://t.co/LL69p0L ','West Bexar','West Bexar, TX','United States','ARMYSCRUB'
'Second in the #workshop24 Q&A series by @madelabs: find out what keeps #tuttle founder @lloyddavis awake at night http://tinyurl.com/4y9rpk4 ','Worthing','Worthing, West Sussex','United Kingdom','artistsmakers'
'For once, Im actually following more people than I have following me on here. For once, Im actually using my twitter! ','Fort Worth','Fort Worth, TX','United States','ashley_1187'
'LISTEN HERE BITCH ','Dallas','Dallas, TX','United States','AubreeBlake'
'@cncsparkie x ','North Somerset','North Somerset, North Somerset','United Kingdom','Automatic_Doors'
'Masih bergelut dengan pekerjaan -__- (@ TBWA Indonesia) http://4sq.com/mw2zIv ','Pancoran','Pancoran, Jakarta Selatan','Indonesia','AyatSupriatna'
'i want to qet another tattoo today !! anybody know somewhr ? @ArielleDaniels ','Winder','Winder, GA','United States','AyooSunni'
'Wow @Kevinwoo91, your fans are awesome! :) ','Pleasant Hill','Pleasant Hill, CA','United States','A_for_Annie'
'@TheRib35 you are incredibly intelligent, and your argument is flawless. ','Chicago','Chicago, IL','United States','baratunde'
'Vanavond borrel van het werk op de grote markt in den haag #boterwaag ','Dordrecht','Dordrecht, South Holland','The Netherlands','Barrrryyyyy'
'#Italy good value for their halftime lead. #6nations #rugby ','Kehrsatz','Kehrsatz, Bern-Mittelland','Switzerland','barto_11'
'Para ns agora  tempo de recomear o Bayern empatou ontem em 1 a 1 contra o Nuremberg e Van Gaal foi demitido ','Avarxe9','Avarxe9, Sxe3o Paulo','Brasil','Bayern_Br'
'(does my dance) ','Forrest City','Forrest City, AR','United States','BeamerLicious'
'comi demais agora *-* ','Sxe3o Paulo','Sxe3o Paulo, Sxe3o Paulo','Brasil','beccabarvinski'
'Lunch.... (@ Sakura Restaurant) http://4sq.com/h3HTMo ','Cilandak','Cilandak, Jakarta Selatan','Indonesia','behnoor'
'@RyanSeacrest whats with that girl crying and wanting to marry you tonight on AI...that was cute.. ','Pensacola','Pensacola, FL','United States','bella_1972'
'SFO  JFKHeaded to NY to give a talk at SUNY New Paltz. Looking forward to being on the east coast for a few days. ','San Francisco International Airport','San Francisco International Airport, South San Fra','United States','benbarry'
'I think these ADHD meds are starting to work because lately I  Oh! A butterfly  ','Los Angeles','Los Angeles, CA','United States','benpatrick90069'
'I just became the mayor of Communities In Schools on @foursquare! http://4sq.com/hDjOUr ','Jacksonville','Jacksonville, FL','United States','Bethany_Maddox'
'Get the Girls: Afghan Womens Uncertain Future http://shar.es/Xgnsj ','Evergreen Park','Evergreen Park, Palo Alto','United States','bethduffbrown'
'Pete dong lol ','Breckland','Breckland, Norfolk','United Kingdom','bex305'
'Im at Gado-Gado Ibu Ria (Jln. Cempaka 4 Sektor 1-4, BSD) http://4sq.com/iYxUlt ','Serpong','Serpong, Tangerang','Indonesia','billysebast'
'@purebeautyjenae I MISS MARCUS.....:-(....AND I KNOW YOU DO TOO ','Five Points South','Five Points South, Birmingham','United States','bLaCkk_b3aUTyy'
'Not able to come and see Inverting the pyramid?.. Online gallery here: http://tinyurl.com/395tf5z ','Cape Town','Cape Town, Western Cape','South Africa','blankprojects'
'Sou desses que fica triste e no conta pra ningum, e depois ainda fico chateado porque ningum percebeu. ','Sxe3o Paulo','Sxe3o Paulo, Sxe3o Paulo','Brasil','BlPOLARlDADES'
'Drunk ass hell with my Bruh Quincy and all my home girls!! ','Rochester','Rochester, MN','United States','BMo_11'
'My Canada on Bobs Blog at www.robertgordon.ca gives reasons for voter lethargy  during the 2011Canadian election campaign Comments? ','Greater Sudbury','Greater Sudbury, Ontario','Canada','Bobg0711'
'Happy 6th month to me & my boyfriend @AustinApAthy i love yu so much, words cannot even begin to describe my love for yu. Together 4ever. &lt;3 ','Anaheim','Anaheim, CA','United States','boomboombri'
'@MrsSyeda Best of luck! ','City of London','City of London, London','United Kingdom','BPPLawSchool'
'Welp. I was supposed to go down Mission to get tacos tomorrow for Cinco De Mayo. ','Original Daly City','Original Daly City, Daly City','United States','Br0gurt'
'Off pro twitter now ','Curitiba','Curitiba, Paranxe1','Brasil','Bradd_Venegas'
'Tour LYFE (@ Mobil Mart) http://4sq.com/i4VKAV ','Raymond','Raymond, WI','United States','bradyszuhaj'
'@brutorettinho Tbm axo xD  a @pittyleone   mt #phodastica ','Sxe3o Paulo','Sxe3o Paulo, Sxe3o Paulo','Brasil','Braianboy'
'#ifitwasuptome then on cloudy days it would rain chocolate from the sky. Oh and surprise sweets from time to time. ','Los Angeles','Los Angeles, CA','United States','Brenda_xD'
'Im at Killarney Rose Bar & Restaurant w/ @brunojbruno http://4sq.com/ieifOE ','Pinkberry','Pinkberry, New York','United States','BryceGruber'
'Weekend Kickoff (@ Sir Winston) http://4sq.com/hh4ygx ','Paris','Paris, Paris','France','btincq'
'SEASIDE ROMANCE AT ALILA MANGGIS START FROM Rp. 4. 600.000/ Couple ','Perumahan Permata Timur','Perumahan Permata Timur, Makasar','Indonesia','BulanmaduDotCom'
'En BAM! Terug in het Koninkrijk der Nederlanden. (@ Amsterdam Airport Schiphol (AMS) w/ 14 others) http://4sq.com/fZ5t7I ','Groningen','Groningen, Groningen','The Netherlands','buxx'
'Im at Ice Den (9375 E. Bell Road, Scottsdale) http://4sq.com/gbkT7k ','Four Peaks Brewing Company','Four Peaks Brewing Company, Tempe','United States','bvelaski'
'@vdumay um remdio ','Resende','Resende, Rio de Janeiro','Brasil','calderaro_'
'@_Temuri @TheRealDaisha @joel_insight @NateDsings :( only just got out of the bath, still have wet hair! All I can say us oh bollocks!! ','Southwark','Southwark, London','United Kingdom','Candice_C_'
'I just became the mayor of Kantin IMT dakol on @foursquare! http://4sq.com/kukHvM ','Padalarang 1','Padalarang 1, Bandung','Indonesia','candijohn'
'Finally, nite all (@ Candras room) http://4sq.com/kb1HUD ','Padalarang 1','Padalarang 1, Bandung','Indonesia','candrawarsita'
'Breakfast meeting with Insight Partners @ Waynes Coffe http://gowal.la/c/3Zbbo ','Stockholm','Stockholm, Stockholm','Sweden','carlmanneh'
'@PBS_TPryorFan @antoniacarter THANKS ','East Point','East Point, GA','United States','caseyjohnson2'
'One more day till the return to @castle. Coming back Engaged ','Greater Wilshire / Hancock Park','Greater Wilshire / Hancock Park, Los Angeles','United States','Castlegrip'
'Learning about scooters. Also picking up some Italian. (@ Rockridge Two Wheels) http://4sq.com/gxM6u3 ','Flavors Of India','Flavors Of India, Berkeley','United States','cathicks'
'im yours ','Jakarta Capital Region','Jakarta Capital Region, Indonesia','Indonesia','Cecezz'
'After a week off, back to normality tomorrow, was good while it lasted! ','Upton','Upton, Wakefield','United Kingdom','Cfearnn'
'Im at Bank of america (16990, Bear valley and hesperia rd, Victorville) http://4sq.com/khU543 ','Hesperia','Hesperia, CA','United States','ChevyCowboyUSA'
'samikum ','West Java','West Java, Indonesia','Indonesia','chiruhul'
'@SeanKingston please follow me!xxx ','England','England, United Kingdom','United Kingdom','Chloeannbieber'
'@NathansFlyArmy LOL ','Eastleigh','Eastleigh, Hampshire','United Kingdom','ChloeeTWTT_GMD3'
'@24HoursLoot The font on todays shirt should have been that nasty Chicago font of the 90s Apple used to sport on the Mac Classics ;-) ','Copenhagen','Copenhagen, Capital Region','Denmark','ChrJohannesen'
'Lunch with aldo  (@ GoelaMerah FoodMarket) http://4sq.com/m7VtSe ','Stasiun Gambir','Stasiun Gambir, Gambir','Indonesia','chyntiadwi'
'@uiuri @emmille90  rsrsrsrs ','Sxe3o Paulo','Sxe3o Paulo, Sxe3o Paulo','Brasil','Cibelediz'
'Almost done bottling 10 pallets (10x72) of Jai Alai. ','Carver City/Lincoln Gardens','Carver City/Lincoln Gardens, Tampa','United States','CigarCityBeer'
'boa noite pra geral :** ','Sxe3o Josxe9 dos Campos','Sxe3o Josxe9 dos Campos, Sxe3o Paulo','Brasil','cine_mayara'
'@shita_prasetya boleh aja kk ','Tanah Abang','Tanah Abang, Jakarta Pusat','Indonesia','cinta_kuyaa'
'@ricpf @marcelohawkins @alesie @BenLudmer @Braungustavo @Teo rolar o que? ','Sxe3o Paulo','Sxe3o Paulo, Sxe3o Paulo','Brasil','claraaverbuck'
'RT @GD_Flux Im only 7 away from 300 followers someone help me out :( ','Renton','Renton, WA','United States','CoDBlackOpsNews'
'hohow , jadi maluu dew , ah , lewat laptop nih , susah jadinyaa RT @yanecss @COkt ','Jakarta Capital Region','Jakarta Capital Region, Indonesia','Indonesia','COktajeny'
'@Notoriousscouse i can find summit wrong with the pic .... ','Halton','Halton, Halton','United Kingdom','connor_parry_10'
'Meetings meetings meetings (@ Bridgehead) http://4sq.com/fMT5g7 ','Ottawa','Ottawa, Ontario','Canada','CPRenos'
'So ur novelty is wearing off... Prepare for dismissal ','Druid Hills','Druid Hills, GA','United States','craziiShari'
'RT @DisneyCruise: 15 days until it sets sail on our first-ever voyage to Alaska in #DisneyWonder. Intereste (cont) http://deck.ly/~BZ2q4 ','Toronto','Toronto, Ontario','Canada','cruisedeluxe'
'wow we like your day!!!  Doing well and TRYING to relax RT @Momslifesavers: @CupcakeCutieKit Im doing well (cont) http://deck.ly/~dX4ye ','Manhattan','Manhattan, NY','United States','CupcakeCutieKit'
'@TwittKONYOL,kayaknya gw harus unfollow lu karena gw capek ngakak! Setan! Buktiin aja deh sm lu semua kl ga percaya! (gini ya gan.:D) ','Setia Budi','Setia Budi, Jakarta Selatan','Indonesia','curhat_setan'
'@wizzykiddy in school or at home ','Philadelphia','Philadelphia, PA','United States','cutiehique'
'If I never tried to make contact with you would I ever hear from you again? ','Princeton Meadows','Princeton Meadows, NJ','United States','CutTheRightWire'
'View from 75th floor Columbia Tower FIABCI - USA Sunset Event http://plixi.com/p/47067795 ','Yamanaka Enterprises','Yamanaka Enterprises, Hilo','United States','cyamanak'
'=.= (@ Waroeng PONDOK BAHARI) http://4sq.com/h261Qt ','Central Borneo','Central Borneo, Indonesia','Indonesia','cypher88'
'@MilesSTEREOS fly to la and marry me duh ','Los Angeles','Los Angeles, CA','United States','DanielLucasOX'
'@Fernnandoh nusss no O&gt;O serio eu no te dei unfollow... twitter ta meio lokinho hoje... ','Sxe3o Paulo','Sxe3o Paulo, Sxe3o Paulo','Brasil','danilek'
'i long bone ha likk mmm mmm mmm ','Baton Rouge','Baton Rouge, LA','United States','Dani_didit'
'(: ','Destrehan','Destrehan, LA','United States','Darkk_nLovely'
'http://falahdarul.wordpress.com/2011/04/08/bila-merasa-kurang-kenapa-tidak-menanggulanginya/ ','Kota Bandung','Kota Bandung, West Java','Indonesia','darulfalaah'
'Markus Schulz - Do You Dream (Ferry Corsten Remix) http://dashberlinworld.com/profiles/blogs/markus-schulz-do-you-dream-1 ','West Miami','West Miami, West Miami','United States','dashberlinworld'
'Quake Alters Earths Balance and Widens Japan - NYT http://nyti.ms/h0Zavq ','Manhattan','Manhattan, NY','United States','DaveCullen'
'First you lay, then sit, then crawl, then walk, then run... Right now Im sitting too much! ','Mayfair','Mayfair, London','United Kingdom','davidbrear'
'When under attack, the human body can produce an amazing amount of snot. ','SoMa','SoMa, San Francisco','United States','dcurtis'
'nonton smack down ah ','Jakarta Capital Region','Jakarta Capital Region, Indonesia','Indonesia','deanmaha'
'dweendha, @muhammadariski, aienk_nyennyeng, jey_arslonga, muthy_amrullah, thx for aLerts... :) http://www.koprol.com/s/1QWPN ','Ujungpandang','Ujungpandang, Kota Makasar','Indonesia','Dedhe_Shiva'
'Im at Tintern Abbey (Chepstow) http://4sq.com/e3Av9m ','Forest of Dean','Forest of Dean, Gloucestershire','United Kingdom','Deisenhofer'
'Im at XI IPA 2 SMAN 21 MAKASSAR (poros btp, bumi tamalanrea permai, makassar) http://4sq.com/mMeM2O ','Makassar','Makassar, Kota Makasar','Indonesia','delladellah'
'then days like this come along and let me know everything is gonna be alright ','Los Angeles','Los Angeles, CA','United States','dennishegstad'
'Nancy Jensen (@dennygirltwo) has shared a Tweet with you:  Obama pledges help 4 illegal immigrant grads http://t.co/I3rp1JV -CC ','Pewaukee','Pewaukee, WI','United States','dennygirltwo'
'Im at Kedai indra (griya) (Jalan raya jatinangor, Dpn griya, Jatinangor) http://4sq.com/kQ6MWF ','Cikeruh','Cikeruh, Sumedang','Indonesia','dessydescill'
'I have never built a website, so I am going to try it DIY Style. I think I will try WordPress.  We will see what happens.  Any Suggestions? ','Highlands Ranch','Highlands Ranch, CO','United States','dhad1976'
'kocakanjir wkwkwkwk ','Setia Budi','Setia Budi, Jakarta Selatan','Indonesia','dhananugrahr'
'Im at S2 (Jalan Sisingamangaraja 19C, alan Sisingamangaraja Semarang, , Semarang) http://4sq.com/eIOYoL ','Semarang Selatan','Semarang Selatan, Kota Semarang','Indonesia','diadiooo'
'Folback @adekhariandi http://myloc.me/ip4TY ','Padang Utara','Padang Utara, Kota Padang','Indonesia','dian_hudaya_arc'
'O passado me assombra, o presente me mata, mas o futuro me assusta. ','Santa Maria','Santa Maria, Rio Grande do Sul','Brasil','diariodegarotas'
'@Moon_Fcoficial quantos anos ??? eu sou meninooo .me adiciona ono msn aderaldo.msn@hotmail.com beeijos!! ','Joxe3o Pessoa','Joxe3o Pessoa, Paraxedba','Brasil','Didif_FCOficial'
'@CristionDior tru that ','Nanuet','Nanuet, NY','United States','Dipstickmag'
'Een lekkere zomerse Thai beef salad van Nong en May. (@ OCHA) http://4sq.com/gUsla0 ','Station-Zuid WTC','Station-Zuid WTC, Amsterdam','The Netherlands','dirktewinkel'
'#Bosnia tweets - is anyone finding them useful? please let me know.  Laku no prijatelji moji ','Bassetlaw','Bassetlaw, Nottinghamshire','United Kingdom','DiscoverBosnia'
'Im at Sentul Intl Convention Center (SICC) (Sentul City, Bogor, West Java) w/ 11 others http://4sq.com/gElliE ','Bandung Kidul','Bandung Kidul, Kota Bandung','Indonesia','ditakarai'
'Goodbye Miami! See you next week! (@ Miami International Airport (MIA) ) http://4sq.com/fqy5ZS ','Boca Raton','Boca Raton, FL','United States','DJEndoLive'
'I gotta get some gas b4 I get home ','Greenfield','Greenfield, WI','United States','DJHOTSAUCE'
'Ready to hit crabby mike up ','South Carolina','South Carolina, US','United States','DjJWattsLive'
'ngiyup sek rek... duereesss... tuelessss.... T_T (@ Pasar belimbing) http://4sq.com/hH49Ht ','Klojen','Klojen, Kota Malang','Indonesia','dmeela'
'@D_FUCKING_WADE preciate it bro ','Cedar Hill','Cedar Hill, TX','United States','dolodwills'
'Finally, an augmented reality app that makes sense to me: Translating foreign-language signs. http://bit.ly/gYe3lP ','Berkeley','Berkeley, CA','United States','douglemoine'
'Operation payback.  @nmpardakis:    http://t.co/yTG2LCa ','Greece','Greece','Greece','drandakis'
'Im happy with my musical selections. ','Pittsburgh','Pittsburgh, PA','United States','DrCoolDad'
'I THINK DOMS LOOK WEIRD AS SHYT WIT BIG ASS TITTIES ','Maryland','Maryland, US','United States','drippedingold'
'these niggas nasty lmao .. ','Detroit','Detroit, MI','United States','Dru_Boogie'
'About to take a tour of McClendons Farm outside if Phoenix.  http://t.co/JvYwftL ','Peoria','Peoria, AZ','United States','DrWeil'
'Bunnies playing leaping games. Happy Easter  @ Loose Park http://instagr.am/p/Dfuug/ ','Kaw','Kaw, MO','United States','ducttape'
'@PonchoStupid can yur sister get em? ','Perris Valley','Perris Valley, CA','United States','dwrekyo'
'these times every girl is looking to marry a prince. Kl. Im a Prince in my town, so whoever feels the wave.... ','Waltham Forest','Waltham Forest, London','United Kingdom','E15Swiss'
'@ZoKnowsGaming @Crysis @KGB711 Let me know what you think after you have a chance to run it through its paces ','Redwood City','Redwood City, CA','United States','EA'
'http://www.youtube.com/watch?v=I4Q6arumyog CASH CARTELS NEWEST VIDEO ','Surrey Heath','Surrey Heath, Surrey','United Kingdom','EazeOfficial'
'Progress on the #EdenDTC office at Sewborwens Farm http://flic.kr/p/9zzLpW ','Eden','Eden, Cumbria','United Kingdom','edendtc'
'Wow nice place! Wheres re Asians lol ','Sheffield','Sheffield, Sheffield','United Kingdom','EglalAli'
'Im at EHBO Diensten Nederland (Genieweg 41, Mijdrecht) http://4sq.com/hhoN5z ','De Ronde Venen','De Ronde Venen','The Netherlands','EHBOdiensten'
'the awkward moment when you look at the car beside you... and their picking their nose.. #seriously ? ','Toronto','Toronto, Ontario','Canada','eiir_lovesbiebs'
'@PickUpAPerPer neat *_* Ill google map it and see if its possible to sneak round the back and meet them. ;) ','North Devon','North Devon, Devon','United Kingdom','emsyki'
'Here. ','Toronto','Toronto, Ontario','Canada','EpicMealTime'
'Ortaklarmla gurur duyuyorum. ','Rome','Rome, Rome','Italy','ersanozer'
'1996 RT @alyaauw: ( @iqbalgazali ) #PICKONE 1997 sama 1996 yang lahir duluan yg mana? *yangNGEJAWAB UN nya lulus dan nemnya tinggi* ','Cicendo','Cicendo, Kota Bandung','Indonesia','ERTE_ERWE'
'Vanavond weer even naar de volleybal! @ De Skans ','Smallingerland','Smallingerland, Friesland','The Netherlands','Erwindo_'
'Im at IKEA (1475 The Queensway, btw Kipling & The East Mall, Etobicoke) w/ 4 others http://4sq.com/mkTjKE ','LCBO','LCBO, Toronto','Canada','esterk'
'Experience skale skale RT @auLveNan78: Cagar bulik pake taksi..:D Gak pa2 lah, sekali-sekali.. http://myloc.me/jGrcC ','Central Borneo','Central Borneo, Indonesia','Indonesia','Estherryn'
'@snarfed99 love the earrings and LOVE hockey! ive been watching the playoff series like crazy! so fun! -dave ','New York','New York, NY','United States','Etsy'
'#Eujafiquei com raiva quando eu sou maltratado pelas pessoas . ','Porto Alegre','Porto Alegre, Rio Grande do Sul','Brasil','Eujafiquei'
'...everything under Heaven is Mine (Job 41:11 NLT) ','California','California, US','United States','eunipuny'
'CORDEI, quero dorme de novo ','Campinas','Campinas, Sxe3o Paulo','Brasil','eunutil'
'#EuPorExemplo j procurei minha casa no Google Earth. ','Pirenxf3polis','Pirenxf3polis, Goixe1s','Brasil','EuPorExemplo'
'Quem reclama do trnsito de Beag  infeliz e no tem um CD do Olodum no carro! N @ReDoti? #transitoBH ','Belo Horizonte','Belo Horizonte, Minas Gerais','Brasil','euthiagobiz'
'If you go far enough as an artist, youll end up as an inventor. And if you go far enough as an inventor, youll end up as an artist. - ? ','San Francisco','San Francisco, CA','United States','ev'
'http://www.youtube.com/watch?v=OMGd3mAfl-0 ','Sxe3o Paulo','Sxe3o Paulo, Sxe3o Paulo','Brasil','Faabriciosagaz'
'@HamiltonNog Dito por quem? Por mim? Se foi, perdoe-me. ','Fortaleza','Fortaleza, Cearxe1','Brasil','fabiocamposm'
'Im at Rumba Bar w/ @dessinhaandrade http://4sq.com/l6uqRz ','Ribeirxe3o Preto','Ribeirxe3o Preto, Sxe3o Paulo','Brasil','FabiolaMedeiros'
'Im at Home Sweet Home! (Twinleaf Lane, Santana Way, Corona) http://4sq.com/gA4UTq ','Corona','Corona, CA','United States','FamousLove69'
'Fancorps in LA for the next few days. Look out! ','Chicago','Chicago, IL','United States','fancorps'
'I just became the mayor of  HOTEL on @foursquare! http://4sq.com/fkC9HB ','Greece','Greece','Greece','fanellas'
'http://plixi.com/p/93774558 ','Monterey Park','Monterey Park, CA','United States','FarbodDanesh'
'@annegoossens92 verslaafd aan tassen, wat is je mooiste? (die van mij een Marc Jacobs) ','Station-Zuid WTC','Station-Zuid WTC, Amsterdam','The Netherlands','Fashiontweet'
'Chamadas Perdidas: (1) Amigos (2) Pai (58) Me #FatosDMae ','Castelo','Castelo, Espxedrito Santo','Brasil','FatosDMae'
'Cad a galera caveira do Es? ','Vitxf3ria','Vitxf3ria, Espxedrito Santo','Brasil','fcglorianoes'
'@CFLuanSantana @arnaldojr_ @mateusfabbri Sorteia Camila Marchi Padovan pro camarim de Jaguariuna - Sp (07/05)  MEU MAIOR SONHO ! 17 ','Santo Antxf4nio de Posse','Santo Antxf4nio de Posse, Sxe3o Paulo','Brasil','FcLS_Sobrenatur'
'@essaporratoda ME BEJA VOCE PREMERO GATA ','Sxe3o Carlos','Sxe3o Carlos, Sxe3o Paulo','Brasil','feelthehate'
'@mileneoficial Milene querida,voc recebeu minha DM hoje a tarde? ','Porto Alegre','Porto Alegre, Rio Grande do Sul','Brasil','felipeflemos'
'Leuke en goede contacten opgedaan #zakenbeursdrachten ','Littenseradiel','Littenseradiel, Fryslxe2n','The Netherlands','ferdinandaukes'
'Im at LBPP LIA SOLO (Solo, Jl. Bhayangkara 10, Solo) http://4sq.com/i3OdXY ','Banjarsari','Banjarsari, Surakarta','Indonesia','Festy_Adhitya'
'@WonkyNinja I just realised that could sound offensive. it wasnt meant to be. was just some weirdness from my head. ','Manchester','Manchester, Manchester','United Kingdom','fholme'
'@salsaaxyz emang gede banget ya? menurut gw itu biasa wkwk XD ntar deh cek bareng. oke ntar ya abis spelling bee kelar. ','Bogor Timur','Bogor Timur, Kota Bogor','Indonesia','fideliadp'
'Im so faken busy~ (@ Dunkin Donuts) http://4sq.com/fk3uUc ','Setia Budi','Setia Budi, Jakarta Selatan','Indonesia','finipertiwi'
'kok sepiiii yo... ','Semarang Tengah','Semarang Tengah, Kota Semarang','Indonesia','finks84'
'Im at rumah fira (taman pondok jati k-3, sidoarjo) http://4sq.com/kuMTRW ','Gayungan','Gayungan, Kota Surabaya','Indonesia','firasyaa'
'hujan ! (@ Perumahan Malaka Country Estate) http://4sq.com/j1gXtS ','Duren Sawit','Duren Sawit, Jakarta Timur','Indonesia','Firdausms'
'Update: Sao Paulo Indy 300 postponed until Monday at 9 am Eastern, live on VERSUS. ','Indiana','Indiana, US','United States','FollowAndretti'
'T ligeiro agora: http://www.alegriacompartilhada.com.br/ BAIXEM. ','Rio de Janeiro','Rio de Janeiro, Rio de Janeiro','Brasil','ForfunOficial'
'We ARE playing two new songs from the new album at all upcoming shows. Come out and lose your shit! ','Downtown','Downtown, Austin','United States','FTFDband'
'ooi gleeks. quanto tempo*-* ','Rio de Janeiro','Rio de Janeiro, Rio de Janeiro','Brasil','fuckyeahfinchel'
'Just got to the bears facility.... It was defiantly meant to be. ','Madison','Madison, WI','United States','GabeCarimi'
'Who says.. ','Sxe3o Paulo','Sxe3o Paulo, Sxe3o Paulo','Brasil','gabibarbosa'
'estou   sendo  rastreado ','Sxe3o Vicente','Sxe3o Vicente, Sxe3o Paulo','Brasil','gabrieoliveira'
'what a beautiful life ','Brasxedlia','Brasxedlia, Distrito Federal','Brasil','gabryel_matias'
'Vou por o notebook para carregar e tomar mais umas cervejas. Mais tarde eu volto. &lt;3 ','Balnexe1rio Camborixfa','Balnexe1rio Camborixfa, Santa Catarina','Brasil','gabsdk1'
'#SaibaQue eu tenho odio mortal de hackers :@ ','Sxe3o Josxe9 do Rio Preto','Sxe3o Josxe9 do Rio Preto, Sxe3o Paulo','Brasil','Garotolronia'
'@sofia_escobar What *have* you been doing, Escobar...?! ;) ','Hackney','Hackney, London','United Kingdom','gavinstenhouse'
'@PZHZGrootenboer rustige dienst toegewenst ','Hendrik-Ido-Ambacht','Hendrik-Ido-Ambacht','The Netherlands','geertmolen'
'@JackAllTimeLow LMFAO! MADE MY DAY! :P ','England','England, United Kingdom','United Kingdom','Gemziie245'
'Im at Station Duivendrecht (Stationsweg, Duivendrecht) w/ 2 others http://4sq.com/fsgeW7 ','Heemstedestraat','Heemstedestraat, Amsterdam','The Netherlands','gertjb73'
'Im at Grand Preanger Hotel (Jl. Asia Afrika 81, Bandung) w/ 2 others http://4sq.com/mdF32z ','Cirebon Barat','Cirebon Barat, Cirebon','Indonesia','giannov'
'Adoro crianas, principalmente quando choram. Porque a algum as leva embora... ','Florianxf3polis','Florianxf3polis, Santa Catarina','Brasil','giselypettry'
'A friend and I just bonded over memories of our #Amiga computers circa 1985. It did graphical tricks that todays Macs and PCs still cant. ','Space Center','Space Center, FL','United States','gmusser'
'@djOphidian  Are you playing with the Gangsta Alliance on 14-05-2011 in Rotterdam ? ','Langeweg','Langeweg, Moerdijk','The Netherlands','gordontago'
'hey marloes leuke ginger terror op mn twitter ','Groningen','Groningen, The Netherlands','The Netherlands','gothicclaudiaaa'
'  guys @fellz_evelyn @jocelynd_cia @venn_theresa http://myloc.me/jwjxo ','Central Borneo','Central Borneo, Indonesia','Indonesia','gracelyn_yessy'
'Tried to slay a nigga on the low..lol ','Elizabeth City','Elizabeth City, NC','United States','GrownAss_KiD'
'Going to bed. #Dreamville ','Port St. Lucie','Port St. Lucie, FL','United States','GS4L2013'
'@gbeuvelot yes! Thank you :-) Comment tu vas? ','Paris','Paris, Paris','France','gsempe'
'Hoje  um novo dia de um novo tempo que comeou... #FELIZ4e20. ','Sxe3o Paulo','Sxe3o Paulo, Sxe3o Paulo','Brasil','Guarizo'
'Kuyup.... @TL http://myloc.me/iWMv7 ','Cilandak','Cilandak, Jakarta Selatan','Indonesia','GueBolot'
'Dang. Just woke up from comatose. Should write now. ','Seattle','Seattle, WA','United States','gurupanguji'
'@HollyLowe what sort of chickens are they? ','England','England, United Kingdom','United Kingdom','gusunger'
'cheguei em casa agora,to sem sono total,amanha vou estudar o dia inteiro :S ','Sxe3o Paulo','Sxe3o Paulo, Sxe3o Paulo','Brasil','GuuhZanelato'
'eu sei que  longa a caminhada, mais a vitria ser de goleada!  ','Suzano','Suzano, Sxe3o Paulo','Brasil','guuuito_'
'Werken in Zoetermeer en IJmuiden, tussendoor stiekem #livestrong bespreking in Delftgauw.. :gum: @ Dtect Zoetermeer ','South Holland','South Holland','The Netherlands','gvoortman'
'@MoB4lifee holler at my boy for me. I watched the whole season of 10things I hate about you the other night ','Trumbull','Trumbull, CT','United States','gynaaa'
'On y va: op de motor naar DK ','Varde','Varde, South Denmark','Denmark','g_acda'
'Dat je naar de tram of bus tijden wilt kijken maar iemand blijft voor dat bord staan. #pleureensop #HaatJijHetOok ','The Hague','The Hague','The Netherlands','HaatJijHetOok'
'.@weltonline: Rekordfahrt schrt Hoffnung auf E-Durchbruch http://www.welt.de/article10560840 ','Ibbenbxfcren','Ibbenbxfcren, Steinfurt','Germany','hadewilde'
'@L_1212 ik zit nu ook op twitter maar voor hoe lang????? ','Hendrik-Ido-Ambacht','Hendrik-Ido-Ambacht, South Holland','The Netherlands','hallodiejo'
'ada yang putih ada yang sawo mateng RT @cumanNANYA: kulit kamu PUTIH/SAWO MATANG ? ','Kota Bandung','Kota Bandung, West Java','Indonesia','hanifana'
'Back on da southside tryin to get into some ','Atlanta','Atlanta, GA','United States','Hardheadjr1'
'@chernowa this holiday is by far the most WTF of the Christian holidays. ','Santa Monica','Santa Monica, CA','United States','harpaa01'
'Altijd al gedacht dat ik goedkoop was ;-) ','Noordenveld','Noordenveld, Drenthe','The Netherlands','HarryVeenkamp'
'@WidyDee tanda minta diganti tuh HP atau ganti operator atau ganti yang teleponnya, bosannn ','Jakarta Capital Region','Jakarta Capital Region, Indonesia','Indonesia','harry_ps'
'@93Caillou question is... are you human? :-) ','Odense','Odense, South Denmark','Denmark','Havalina'
'Jual keripik maicih loh aku sekarang beli yaa ke aku ','Cikeruh','Cikeruh, Sumedang','Indonesia','herliaherlio'
'Im at Fakultas Hukum (Universitas Indonesia, Jl. Lingkar Kampus Raya, Depok) http://4sq.com/jqE5sC ','Beji','Beji, Depok','Indonesia','heryoeanda'
'@diananggrainy uda sok-sok care, ternyata pas gue liat nicknya dana dwi satria kan pele !! Lagi ngapa DPnya mesti berduaan sih (_) ','Cibitung','Cibitung, Bekasi','Indonesia','heyHENZ'
'@elfaniameulemas jeng gua lagi di pondok ungu nih ','Jakarta Capital Region','Jakarta Capital Region, Indonesia','Indonesia','Hildaa143'
'Sat 3/5: Melissa Suen...Mon 3/7 Toni Childers come on down! Youve just won a dozen of Hokulanis most popular cupcakes! ','Makiki - Lower Punchbowl - Tantalu','Makiki - Lower Punchbowl - Tantalu, Honolulu','United States','hokulanibakery'
'Time to get my Twitter account jumpin ','Carver','Carver, Richmond','United States','HOLLIDAY1984'
'#giltcity #sxsw (@ Venue 222 w/ 60 others) http://4sq.com/esG4dU ','General Assembly','General Assembly, Manhattan','United States','HollyNY'
'Your #Birthday in the #Bible | Look up your birth date and see  what Bible verse corresponds to it http://bit.ly/fX7a9b ','Austin','Austin, TX','United States','hookemhomes'
'Hubbys football game! (@ Gowdy Field) [pic]: http://4sq.com/gdINf5 ','Columbus','Columbus, GA','United States','HouseOfAnnaM'
'I need to hang out with some people!!! ','East Lansing','East Lansing, MI','United States','howintensive'
'Soda IV pls (@ Circle K) http://4sq.com/jzZIXo ','Tucson','Tucson, AZ','United States','IamHellgirl'
'Good Morning!!! Oh okay I just woke up and my iphone screen doesnt work, does anyone know what to do in this situations? ','South Beach Luxury Hotel Penthouse','South Beach Luxury Hotel Penthouse, Miami','United States','iamyungprince'
'@ButterloveBee yupp ','Baton Rouge','Baton Rouge, LA','United States','Iam_Outspoken'
'Bday SATRIA w/ momh & many other (@ Restoran Dangau) http://4sq.com/eNfFzj ','South Borneo','South Borneo, Indonesia','Indonesia','ichaichunk'
'Lagi sakit gigi begini, iklan ditv kebanyakan tentang makanan mulu. Hedeh.. http://www.koprol.com/s/1WmrM [Like it? http://goo.gl/V4Las ] ','Gambir','Gambir, Jakarta Pusat','Indonesia','ichsan_mp'
'In Salou taking it easy :) Tonight Cocktails night in the Irish Pub! ','Binnenstad','Binnenstad, Utrecht','The Netherlands','iKriz'
'tampan mode On buzzzzz ','Setia Budi','Setia Budi, Jakarta Selatan','Indonesia','iMadputranda'
'teeeeesssssssssssssss (@ Dekanat Fakultas Ilmu Sosial dan Ilmu Politik (FISIP UNSRI)) http://4sq.com/hRkXoq ','Ilir Barat I','Ilir Barat I, Kota Palembang','Indonesia','imatkoaydiw'
'niver chega logo vlw ','Jundiaxed','Jundiaxed, Sxe3o Paulo','Brasil','imhungrry'
'AUHAUHAUAH RT @oceara    O ovo de pscoa Nooo engordaaa! Quem engorda  Voc... voc,voc,voc,voc,voc quer??? ','Sxe3o Paulo','Sxe3o Paulo, Sxe3o Paulo','Brasil','impeear'
'hello :D ','Pasar Minggu','Pasar Minggu, Jakarta Selatan','Indonesia','indirdira'
'@my room (@ Indra Atmosphere Home) http://4sq.com/gbC1i7 ','Depok','Depok, Sleman','Indonesia','indratmosphere'
'@CorbinQUE INDUSTRY Night- Artist, directors, photographers& the entertainment industry:Network Party Perform & Promote in SAV FOLLOW BAC ','Pooler-Burroughs','Pooler-Burroughs, GA','United States','IndustrySAV'
'Engak bego RT @ferlianooo: Bibirmu dower bibirmu dower @irfrankbuuh http://myloc.me/joT3U ','Tambun','Tambun, Bekasi','Indonesia','irfrankbuuh'
'#onethingiveneverdone is give a hoe a chance ','Milwaukee','Milwaukee, WI','United States','iRunzWild'
'tong error atuh. ini teh mau main game -- ','Antapani','Antapani, Cicadas','Indonesia','ismamtsynhfns'
'@iThinkImCheek Who You Talkin Bout? ','Greensboro','Greensboro, NC','United States','iThinkImLos'
'Disse uma vez um sbio, quem dorme com a bunda coando acorda com o dedo fedendo. ','Rio de Janeiro','Rio de Janeiro, Rio de Janeiro','Brasil','ItsCumplicidade'
'@Jackieeisbitchy thank GOD im not the only one who thinks george needs to STFU ','Moreno Valley','Moreno Valley, CA','United States','itsMiCiCuhh'
'Ben franks the only familiar face get money ','Newport News','Newport News, VA','United States','ItsTiz_Bitch'
'Glad you all had a good un! Gets better as well because The Vampire Diaries are on tonight! ','England','England, United Kingdom','United Kingdom','itv2'
'These Days Women Make Offers & Who The Hell Am I To Say No . . . http://myloc.me/jEylJ ','Darby Township','Darby Township, PA','United States','Izzle2Times'
'king tv - LIVE at http://bambuser.com/v/1616261 ','Little Rock','Little Rock, AR','United States','i_am_kingsley'
'Haha @JoeyRoosen, de AR-kaarten lagen gewoon op mijn nachtkastje. Wat ben ik toch ook een sloddervos :&lt; ','Veenendaal','Veenendaal, Utrecht','The Netherlands','JackiedeKorte'
'@l3ftyroxx25@NIKxDAxBIKAchik throwin the blunt yall way.. ','Houston','Houston, TX','United States','jae1013'
'Shameless, the grammys and @rrichardd_p ...Now thats what I call a great sabbath ','Winter Garden','Winter Garden, FL','United States','janelleobert'
'Support #Japan disaster relief through a 50% off OReilly Ebook or video purchase http://oreil.ly/i8l52e #japanrelief #helpjapan #redcross ','South Park','South Park, Raleigh','United States','JapanReliefInfo'
'Gmornin NYC! Breakfast time, and then off to present a seminar for a team in Campus Recruitment (on the upcoming book!). ','Manhattan','Manhattan, NY','United States','JasonWomack'
'@Haf318Alfian ','East Java','East Java, Indonesia','Indonesia','JawahirMuhammad'
'Stupid School. ','McKinley High School','McKinley High School, Honolulu','United States','JAYCEEEFF'
'Very windy K4 session at #dorneylake this morning, went down most of our 300m efforts sideways. ','Windsor and Maidenhead','Windsor and Maidenhead, Windsor and Maidenhead','United Kingdom','jboyton'
'Brasil  mesmo um pas extraordinrio. Tiririca vai para a Comissao de Educao e Cultura da Cmara dos Deputados ','Niterxf3i','Niterxf3i, Rio de Janeiro','Brasil','jdoriajr'
'Lenovo ThinkPad T410 or Toshiba R705. I cant seem to decide now! ','Wallingford','Wallingford, Seattle','United States','JeffreDodd'
'Gister was leuk bij de laak ','Nijkerk','Nijkerk, Gelderland','The Netherlands','JelleFranken033'
'eating chocolate chips yumyumm ','Springdale','Springdale, NJ','United States','jennacooke'
'Oi gente aqui e a prima dela.A gaby(dona daqui) falo para eu ficar aqui e no @gaitanlovers,porque quando ela entra aqui ela SEMPRE chora ','Sxe3o Paulo','Sxe3o Paulo, Sxe3o Paulo','Brasil','JennetteAlways'
'Im at Times Bookshop pX Pavillion (Puri Indah, Jakarta Capital Region) http://4sq.com/i7wzm0 ','Kembangan','Kembangan, Jakarta Barat','Indonesia','jennifermuliadi'
'Made it to Rio. 3rd night without sleep. Crashing @ airport hotel. Flight to Amsterdam coming up! http://4sq.com/ijYXo4 ','Rio de Janeiro','Rio de Janeiro, Rio de Janeiro','Brasil','jeroenswolfs'
'@FCjovnstalentos Oiiiiiiiiiiiiiiiiiiiii :] Flor :] ','Rio de Janeiro','Rio de Janeiro, Rio de Janeiro','Brasil','Jessica_LuAr'
'Workshop day 2 (@ Central Park w/ @jalijalilagi) http://4sq.com/jold6j ','Grogol Petamburan','Grogol Petamburan, Jakarta Barat','Indonesia','JetVeetlev'
'Hondje uit laten ','Den Bosch','Den Bosch, North Brabant','The Netherlands','Jimgudden'
'@Joan_Rivers What kind of scam are you running? ','Midtown Center','Midtown Center, New York','United States','JimmyCsaid'
'Mas  claro que o sol ( ) vai voltar amanh (x) no volta nunca mais. ','Joinville','Joinville, Santa Catarina','Brasil','jlledepressao'
'Penaltis! Obvio que o meu TIMO vai ganhar! #VaiCorinthians! ','Sxe3o Paulo','Sxe3o Paulo, Sxe3o Paulo','Brasil','JOAAORAMOS2'
'ESFIHA VAI ENTRAR EM CAMPO n ','Sxe3o Josxe9 dos Campos','Sxe3o Josxe9 dos Campos, Sxe3o Paulo','Brasil','joaovitor777'
'#philadelphia #jobs Research Clerk - Cardiology - Albert Einstein Healthcare Network -  Phi... http://bit.ly/iY9YwA http://bit.ly/c1LswN ','Jacksonville','Jacksonville, FL','United States','JobsDirectUSA'
'#Schalke - #ManchesterUnited aan het kijken. Maakt mij niet uit wie wint. #NeutraleKijker ','Hoogeveen','Hoogeveen, Drenthe','The Netherlands','Jochem_vd_Weg'
'Im at Starbucks (Vclavsk nmst 40, tpnsk, Praha) http://4sq.com/fjVYxs ','Roosdaal','Roosdaal, Halle-Vilvoorde','Belgium','jochim89'
'Is a happy happy bunny after a first date XD love this feeling :) ','Deptford','Deptford, London','United Kingdom','Jodiestandish'
'@SineadGBoys but ... but ... all my Twitter friends ... ','Louisville','Louisville, KY','United States','joeymanley'
'#nowplaying therapy - all time low. Jdi ingat dulu :( http://myloc.me/j239z ','Kelapa Gading','Kelapa Gading, Jakarta Utara','Indonesia','joey_sevilla09'
'#Jogja @akademimimpi Halo Jogja: Jangan sampai ketinggalan buat ikutan akademimimpi ya, cek di www.impian1milyar.com ','Jakarta Capital Region','Jakarta Capital Region, Indonesia','Indonesia','JogjaUpdate'
'3.5u lange stroomstoring #FML ','Bunschoten','Bunschoten, Utrecht','The Netherlands','johanneswv'
'@NW44 thank you :) ','Louisiana','Louisiana, US','United States','Johnnymeyertech'
'Busy everyday at HQ (@ Blueleaf) http://4sq.com/goFyAH ','Riverside','Riverside, Cambridge','United States','johnprendergast'
'Another interesting but fun morning at calvary chapel... jamming to maroon 5s new album ','Guaynabo','Guaynabo, PR','United States','jorgematta22'
'?? aku da kuliah masbroo panitia natal paskah kpn bro ?? RT @AndrewGasol Panitia natal dan paskah om bro RT @JosephBimantara : panitia apa m ','Tegalsari','Tegalsari, Kota Surabaya','Indonesia','JosephBimantara'
'Eai ','Sxe3o Paulo','Sxe3o Paulo, Sxe3o Paulo','Brasil','jotape_SMACK'
'Wat een dag... #pfff ','Den Bosch','Den Bosch, North Brabant','The Netherlands','joycekeh'
'Toch maar aan de Twitter! Maar eens kijken of het net verslavend als Hyves is! Tussen de trainingen door alles even uitvogelen! ','Houten','Houten','The Netherlands','JoyceRookhuizen'
'Daily my iPad 2 is fried. Apple is replacing it. (@ Apple Store) [pic]: http://4sq.com/fKQdXY ','Lakeside','Lakeside, San Francisco','United States','jtaschek'
'Checked in @ Nationals Park for the #nats vs #braves game w/ MLB.com At Bat http://atmlb.com/i676Rf ','Washington','Washington, DC','United States','JustinAVogt'
'#Dinnnering! Its like #winning but better. Best place to eat in Vail.  @ Terra Bistro http://gowal.la/c/3YmDw ','Florida','Florida, US','United States','justin_horn'
'#actieaanbieding met #pasen nu goedkoop #lastminute boeken zie http://t.co/vZ29PAC #vakantie in #winterswijk @Mirellakruis ','Winterswijk','Winterswijk, Gelderland','The Netherlands','JWKbouw'
'So tired....  Sleep @2.00 AM Hoam~ ','Central Java','Central Java, Indonesia','Indonesia','J_Agung'
'haha the places thing fails :L IM NOT IN MRE OG ROMSDAL. ','xc5lesund','xc5lesund, Mxf8re og Romsdal','Norway','Karnoffeldotcom'
'at que enfim o twitter acertou aonde eu moro kkkkk ','Biguaxe7u','Biguaxe7u, Santa Catarina','Brasil','karolinidelima'
'Mandarin. Wo ai ni ai zhe ni :D (@ Ruang 303 SMAN 78) http://4sq.com/eplTON ','SMUN 78','SMUN 78, Kebon Jeruk','Indonesia','kartikaloveiro'
'http://www.youtube.com/watch?v=p52U-Qar7y8 ','San Marcos','San Marcos, TX','United States','katyhopper2010'
'Oooff &lt;3 loving this morninggg ! Ahhh schook, workout seshh *  then LADYGAGA VIP MONSTER PAVKAGE HERE I COME ! ^.^ ','Pembroke Pines','Pembroke Pines, FL','United States','kbaexo'
'With my mama. (@ Taco Cabana) http://4sq.com/fQ32cH ','San Antonio','San Antonio, TX','United States','kcakess'
'The Friday night boys did the music industry and humanity a favor by breaking up #musicsucks ','Morris','Morris, NJ','United States','kellybearRAWR'
'at home without AC and thinking cool thoughts ','Waldorf','Waldorf, MD','United States','KianaD_Robinson'
'Jus got the fresh line at the barbershop....goin down this weekend n jackson ','Hillsdale','Hillsdale, Mobile','United States','Killablx'
'I have two songs on my bands page killers like kandi!! You guys should go check it out!  www.myspace.com/kandicekmp ','Tower District','Tower District, Fresno','United States','kmprocks'
'18 Uhr und ich bin noch nicht Mde, glaube ich habe den Tokio Trip ohne Jetlag berstanden :) ','Gundeldingen','Gundeldingen, Basle','Switzerland','kommi'
'I just ousted @skinnymoo_co as the mayor of Briki Cafe Bar on @foursquare! http://4sq.com/akESZx ','Greece','Greece','Greece','komo_dino'
'Im at Krshegyi Vlgyhd (Krshegy, Krshegy) http://4sq.com/hd9Hdo ','Budapest','Budapest, Budapest','Hungary','Koronix'
'Seafood pasta + a thought -- why wouldnt Foursquare prompt me to upload a photo now + handle the workflow? http://4sq.com/dIa64U ','Los Angeles','Los Angeles, CA','United States','kristathomas'
'RT @_laKIAH Shidd who cant is you givin it up lol ','Hampton','Hampton, VA','United States','KToney0_o'
'Burrito Time  @ Chipotle Mexican Grill http://instagr.am/p/BCABk/ ','San Luis Obispo','San Luis Obispo, CA','United States','kverb'
'Any LAS VEGAS suggestions for pho or ramen?? ','Las Vegas','Las Vegas, NV','United States','LacyannLove'
'Dengerin @deastika @FadiaDelusion mengudara. Lg pd ngedengerin jg kan? (@ 89.7 Global Radio Bandung) http://4sq.com/hlfUjK ','Batununggal','Batununggal, Kota Bandung','Indonesia','lalitappa'
'@laura_clarkex Thanks 4 the message Laura!  I listened to ur youtube video and you are an extremely talented lady!  Hope u have a great day! ','Scottsdale','Scottsdale, AZ','United States','LarryDevine'
'@NinaLeighModel @lbcarpentry wouldnt worry to much I aint got a clue what Im doing ','North Devon','North Devon, Devon','United Kingdom','lbcarpentry'
'Bec Applebees Oh Mary at the Pleasance , Islington this week http://www.pleasance.co.uk/islington/events/bec-applebee-presents-oh-mary ','Wiltshire','Wiltshire, Wiltshire','United Kingdom','leachpottery'
'@marlismarques na ABC!! ','Sxe3o Paulo','Sxe3o Paulo, Sxe3o Paulo','Brasil','LeehPM_'
'naamorada dele aqui, s pra deixar bem claro que eu te amo demaaaaais meu beb e que pra mim a vida no tem mais graa sem voc, hoje em  + ','Rio de Janeiro','Rio de Janeiro, Rio de Janeiro','Brasil','leeozago'
'Im at Starbucks Coffee (46 Jalan USJ 10/1D, Subang Jaya) http://4sq.com/j6LyxD ','Damansara','Damansara, Petaling','Malaysia','leeyewsheng'
'Gowesss with udin n lya :D (@ Pantai Losari w/ 3 others) http://4sq.com/dUWpjx ','Panakkukang','Panakkukang, Kota Makasar','Indonesia','lelyhadriani'
'Pulang Tango aah ','Jakarta Capital Region','Jakarta Capital Region, Indonesia','Indonesia','lemonth3'
'Curtindo um Linkin Park , faz tempo que eu no curto - ','Dourados','Dourados, Mato Grosso do Sul','Brasil','LeooSoares_'
'I just became the mayor of Dixon Correctional Center on @foursquare! http://4sq.com/hwinyN ','Dixon','Dixon, IL','United States','Leslie_Wallace'
'Na een dagjepretpark even eten! (@ Luna eten & drinken) http://4sq.com/kpUPHE ','Sittard-Geleen','Sittard-Geleen, Limburg','The Netherlands','Levi89'
'Platinum Workshop - day three.. (@ Solusi Romansa Headquarters) http://4sq.com/lfgO6r ','Kebon Jeruk','Kebon Jeruk, Jakarta Barat','Indonesia','lexdepraxis'
'Hello... Bye... ','Sxe3o Paulo','Sxe3o Paulo, Sxe3o Paulo','Brasil','LGFrasca'
'Is what is going on in Egypt likely to happen to any East African country any time soon ? Which country ?Want a guess ? ','Clinton','Clinton, New York','United States','LGtwits'
'Uber stoer mann. Xd http://t.co/E7FH0Zq ','Vianen','Vianen, Utrecht','The Netherlands','LiaMjuuboy'
'toda vez que venho pra c, minha irm vem tambm. Se a gente no dormisse no mesmo quarto, eu acharia que ela t me perseguindo ','Patos de Minas','Patos de Minas, Minas Gerais','Brasil','lilborg'
'Sooooo bored and sick FML :( ','Ventnor City','Ventnor City, NJ','United States','lillyyaheard'
'New Event: The Money Breakthrough Method: 3 Keys to Effortlessly Make More Money, Keep More of the Money You do Make... http://bit.ly/iUCW4U ','West Lafayette','West Lafayette, IN','United States','linkedinevents'
'Follow @Rinasapitri @Ordinary_riri @Primceee @sashiika @arrahmarahma  http://myloc.me/jA1Lt ','East Borneo','East Borneo, Indonesia','Indonesia','ListenMyMind'
'See I told you there was charva chic knocking about today! http://plixi.com/p/72797987 ','Allandale','Allandale, Austin','United States','littlecomets'
'im gunna make my 565 tweet look cute because @elliegoulding is in it &gt;.&lt; xxx ','Dover','Dover, Kent','United Kingdom','LittleGouldings'
'Bon, vu que demain cest le mariage de Willy et Kate, serait-ce possible que les tudiants dAnglais naient pas cours ce jour-l? *rve* ','Paris','Paris, Paris','France','LittleMsClumsy_'
'@ronnaroadie ELA ESCREveu so far away e eu fiz a caveira do avenged *__* ','Osasco','Osasco, Sxe3o Paulo','Brasil','liz_porcelain'
'Brb ganti baju http://myloc.me/jIk4T ','Jagakarsa','Jagakarsa, Jakarta Selatan','Indonesia','lolalolalolaa'
'@PidDW aye ','City of Edinburgh','City of Edinburgh, City of Edinburgh','United Kingdom','LouisWaterson'
'I just got a haircut and at the end the stylist said, Oh, you look younger.  I wasnt aware I looked old before the maintenance trim.  :( ','Yucaipa','Yucaipa, CA','United States','LovesToBeLost'
'cheguei agora aqui na casa do Leozinho ','Tapiratiba','Tapiratiba, Sxe3o Paulo','Brasil','LucTortela'
'@Gubrunetti falei um poquinho :x ','Curitiba','Curitiba, Paranxe1','Brasil','lukhasl'
'Im at SMPN 1 Surabaya (Jalan Pacar 4-6, Surabaya) http://4sq.com/mkkP7d ','Genteng','Genteng, Kota Surabaya','Indonesia','lutfiaramadina'
'obat batuk? ya samsoe ','Cicendo','Cicendo, Kota Bandung','Indonesia','lutfichair'
'@syedmikael emel tu untk ape? sume rakyat malaysia wajib ke kene gne emel tu? ','Kuala Lumpur','Kuala Lumpur, Kuala Lumpur Federal Territory','Malaysia','LuthfiahHanunah'
'@riquinho_cat seguindo , segue de volta ? #UnioDoTwitterSegueEuSigoDeVolta ','Belo Horizonte','Belo Horizonte, Minas Gerais','Brasil','Luumoraes'
'-18   ','Jekaterinenburg','Jekaterinenburg, Jekaterinenburg','Russia','Lyagushko'
'@IrisRosman ben ik ook:D ','Graafstroom','Graafstroom','The Netherlands','maaikeligterink'
'Romans 6:3-4  Do you not know that all of us who have been baptized into Christ Jesus were baptized into hi #Bible h p://j.mp/i0UAFc ','Yuba City','Yuba City, CA','United States','MadMachX'
'I just ousted @ryantwhite as the mayor of Three Flavors on @foursquare! http://4sq.com/dhNDj2 ','Three Flavors','Three Flavors, Mobile','United States','magick823'
'Life Decisions ... http://lockerz.com/s/98778195 ','Arlington','Arlington, TX','United States','MAG_OPUS'
'Humm gatinhas http://t.co/5mtDh6j ','Sxe3o Paulo','Sxe3o Paulo, Sxe3o Paulo','Brasil','mahnishimori'
'     benvenuto.su ','Moscow','Moscow, Moscow','Russia','makharadze'
',   !    !   ,   !  40 ! ','u0421u0430u043du043au0442-u041fu0435u0442u0435u044','u0421u0430u043du043au0442-u041fu0435u0442u0435u044','u0420u043eu0441u0441u0438u044f','malafeev16'
'Aktifkan Ringtone kece ini : payapayapaya by Najib tekan *900*9291# ','Bandung Wetan','Bandung Wetan, Kota Bandung','Indonesia','mamadquotes'
'Stay classy. Night, baby. :p ','East Pennsboro','East Pennsboro, PA','United States','MamaJiggles'
'@mx510 @arsyan hohoho. Awal btol? Tdo saner ker? ','Putrajaya','Putrajaya, Putrajaya','Malaysia','mamatcyber'
'Im at Gedung B, Lantai 6 Widyatama (Cikutra, Jl.Cikutra no 204A, Bandung) http://4sq.com/lGpKat ','Cibeunying Kidul','Cibeunying Kidul, Kota Bandung','Indonesia','MangGress'
'http://flic.kr/p/9vJah1 ','Balnexe1rio Camborixfa','Balnexe1rio Camborixfa, Santa Catarina','Brasil','marceladpv'
'KIKO, NO SE MISTURE COM ESSA GENITLIA! ','Sxe3o Paulo','Sxe3o Paulo, Sxe3o Paulo','Brasil','marie_matt'
'W @AnnissaSF (@ Surabi Imut) http://4sq.com/kcFBJI ','Cicendo','Cicendo, Kota Bandung','Indonesia','marinoaprialdo'
'Feest?! (@ Brasserie Park) http://4sq.com/iUiWEU ','Brasserie Vooraf En Toe','Brasserie Vooraf En Toe, Leiden','The Netherlands','marjocorn'
'Im at 7-Eleven (Syahdan (Pertigaan Binus University), Jalan KH Syahdan No. 1 Kemanggisan / Palmerah, Jakarta Barat) http://4sq.com/lZ0mor ','Kebon Jeruk','Kebon Jeruk, Jakarta Barat','Indonesia','marsianainggita'
'Terras in de zon (@ De.Palm) [pic]: http://4sq.com/jGwEGM ','Den Bosch','Den Bosch','The Netherlands','martijnd'
'RT @debbie25962 @alfiryd @Scribble1978 @letsoara @CristhianGerman @wstein @Celopensador @Professor_adail @iQueenP must follow to be followed ','Bloemfontein','Bloemfontein, Free State','South Africa','mastaleon1'
'@andradevini aff nao reclama de 5% de desconto.. melhor que aqueles computadores parcelados em 60 vidas, sem juros, e depois... ','Florianxf3polis','Florianxf3polis, Santa Catarina','Brasil','mateusaraujo__'
'pro soccer coming to st aug! read my article in the gargoyle! http://gargoyle.flagler.edu/2010/03/professional-soccer-coming-to-flagler/ ','St. Augustine','St. Augustine, FL','United States','mattosterhouse'
'Eclipse at the drive in......cant wait...only 18 minutes.... ','Dorrance','Dorrance, PA','United States','mbridgetj'
'    .     . ,       2012 .  ','Moscow','Moscow, Russia','Russia','MedvedevRussia'
'Im at Lapangan Tenis Korem (Bintara depan korem, Pekanbaru) http://4sq.com/hPYLz0 ','Rumbai','Rumbai, Kota Pekan Baru','Indonesia','melidasuryani'
'Eheheh (@ Eden San Diego w/ 2 others) http://4sq.com/ja4Wve ','San Diego','San Diego, CA','United States','Meli_Molina'
'I kinda wish #Melo was still with the #Nuggets. This is a fun team to watch. I really miss rooting for them. #GoNuggets!!! #NBA #PLAYOFFS ','Bartlett','Bartlett, TN','United States','memphischad'
'sunny -&gt; cloudy  temperature down 73F -&gt; 71F ','Cocoa Beach','Cocoa Beach, FL','United States','MerrittIslandFL'
'Im at Advanced Technology Education Center (ATEC) (Central Penn College, Valley Rd, Summerdale) http://4sq.com/kAXiEH ','Paxtonia','Paxtonia, PA','United States','mhannaford'
'TEAM FOLLOW BACK ','Tallahassee','Tallahassee, FL','United States','MIAMIBACKBONE'
'Postei hoje! confiram ! http://www.interativamagazine.com/2011/05/nanotecnologias/ ','Belo Horizonte','Belo Horizonte, Minas Gerais','Brasil','Michelangelo_im'
'@Reinoud95 rein ik daag jou uit om 40k tweets in 1 week te halen! op zn minst 36k oke? :D ','Rotterdam','Rotterdam, South Holland','The Netherlands','MikeMWP'
'Please watch this video about Anaiah Rucker. We are working out a program to help her. Ill keep you posted. http://t.co/tk8aXr9 ','Henderson','Henderson, NV','United States','MikeTyson'
'Flora Grubb Gardens http://twitpic.com/2j4ycl ','Granada','Granada, Granada','Spain','mike_matas'
'Everybody Follow My Bae @PEANUTGOTTI #TEAMFOLLOWBACK ','Snellville','Snellville, GA','United States','MilanREDD'
'@ghadeerUSA       ...     ','Stockholm','Stockholm, Stockholm','Sweden','MinaNaguib90'
'@jacksonrangel visita ? http://lucascapellao.tumblr.com/ ','Garibaldi','Garibaldi, Rio Grande do Sul','Brasil','MinhasRefIexoes'
'Hai cantikk@nice_cumi@marinafariza@ayu_antika ','Sukolilo','Sukolilo, Kota Surabaya','Indonesia','mirzhaagustin'
'Running update: as u can see, its pretty here, what the photo doesnt show is that I just peed on my sneaker.  http://plixi.com/p/43461953 ','Washington','Washington, US','United States','mishacollins'
'Looking up some stuff for my car... Found some cool radios an body kits... Now only if my car moved!! Lol ','Brownsville-Bawcomville','Brownsville-Bawcomville, LA','United States','mitcham1818'
'knp lagi k?? semangat :) RT @wee_dwie Krisis kepercayaan diri... (_!l) ','Sukun','Sukun, Kota Malang','Indonesia','mizzzmoo'
'Decent selection of demos at #TechHub. I want to learn more about PoraOra ','Waterloo','Waterloo, London','United Kingdom','mled'
'Im at Ad Council (815 2nd Ave, 43rd Street, New York) w/ 2 others. http://4sq.com/dxQfir ','Omnicom Group Inc','Omnicom Group Inc, New York','United States','mobilematthews'
'Cuaca yang menbingunngkan http://myloc.me/jxSNg ','Kramat Jati','Kramat Jati, Jakarta Timur','Indonesia','Mochafrape'
'Anyone seeing these gmail issues? http://ow.ly/1s5ieG ','Jeffries Point / Airport','Jeffries Point / Airport, Boston','United States','modernista'
'Aaaa want it so much but I dont have self-confidence with myself. Poor me http://myloc.me/jx2YV ','Grogol Petamburan','Grogol Petamburan, Jakarta Barat','Indonesia','MonicaaGunawan'
'Kan ikke finde ud af om jeg hader eller elsker folk der siger Gst i stedet for Ghost ... ','Nxe6stved','Nxe6stved, Zealand','Denmark','MonicaMolin'
'Fried Chicken and Biscuits :) (@ Knotts Berry Farm w/ 8 others) http://4sq.com/j5MYP3 ','Japantown Task Force','Japantown Task Force, San Francisco','United States','MOOelf'
'Money doesnt buy happiness.  Oh wait. Yeah it does. ','Palms','Palms, Los Angeles','United States','MOSERDAMUS'
'@I_am_fuckery ayeeeeeee lol ','Milwaukee','Milwaukee, WI','United States','mostwanted24'
'Some la ppl just be throwing anything on lol ','Bayview','Bayview, San Francisco','United States','MRAndrews_SB'
'FREDETTE is a machine- second half should be a show ','Santa Monica','Santa Monica, CA','United States','MrEager'
'Watchin 106&park...Cant wait til I get discovered so I can on there ','Lane-Wooster','Lane-Wooster, Akron','United States','MrSuperior3'
'#FREEBANGG. ','Maryland','Maryland, US','United States','MsMill_Deww'
'Est rolando agora no @piorlance um Tablet Motorola Xoom Com Android 3.0, 32 GB HD, 1GB Ram, CPU Dual Core, HDMI e USB http://j.mp/jnSkp7 ','Maringxe1','Maringxe1, Paranxe1','Brasil','mundocanibal'
'RT @museweb & @mlaffs: When Churchill was asked to cut arts funding in support of the war effort, he asked then what are we fighting for? ','New York City','New York City, NY','United States','MuseumModernArt'
'Jornalistas na chegada da Feira do Livro em Santa Maria   @ Antiga Reitoria Da UFSM http://instagr.am/p/D1O0n/ ','Santa Maria','Santa Maria, Rio Grande do Sul','Brasil','mvbill'
'@motas_WH how lameeeeee! D: ','El Paso East','El Paso East, TX','United States','myriam_aiLabiu'
'after midnight app testing - http://moby.to/0ez8qa ','Amsterdam','Amsterdam','The Netherlands','Nalden'
'            ()... http://altergeo.ru/p/23311 ','Moscow','Moscow, Moscow','Russia','NarkoMarkin'
'Se o Ita ligar para vc, oferecendo um informativo sem custos, DESLIGUE O TEL. Eles enviam em 1 semana um ITAUCARD e na outra j vem fatura! ','Mxf3oca','Mxf3oca, Sxe3o Paulo','Brasil','NathaliaFerrari'
'We are #DONE forgood. Fuck u and then ur gunna try to talk to me? Nahh bro #maddd imma turee ','New York','New York, US','United States','nbnydtsoccer14'
'just Hn? RT @official_uchiha: Hn RT nccca: I did. RT @official_uchiha: Close your eyes ','Setia Budi','Setia Budi, Jakarta Selatan','Indonesia','nccca'
'menggilaaaaaa ()() http://myloc.me/jxE3M ','Astana Anyar','Astana Anyar, Kota Bandung','Indonesia','ndiepinkygirl'
'so wats the problem wit facebook....??? uhhh ','Louisville','Louisville, KY','United States','NeChe_Confianza'
'@izzynobre Se mata ','Sxe3o Paulo','Sxe3o Paulo, Sxe3o Paulo','Brasil','NerdsKamikaze'
'I look like miley. Cyrus.   IM MILEY CYRUS. #based #basedgod @LILBTHEBASEDGOD ','Forest Hill','Forest Hill, TX','United States','NileEarlsWeb'
'Bom dia turer (: ','Mairiporxe3','Mairiporxe3, Sxe3o Paulo','Brasil','nimazuchelli'
'Serko @mobiledivide - thanks for organizing another great #meetup of @nycmobileapps #nycma ','Manhattan','Manhattan, NY','United States','nlcnyc'
'#2ndFriday @ Fred Jones Jr Museum of Art http://gowal.la/c/3JjEY ','Norman','Norman, OK','United States','NormanArts'
'@1belino2belino ihihihih ','Vigo','Vigo, Pontevedra','Spain','nosuchuser'
'Getting ready for #NSNweekend! ','Hollywood Hills','Hollywood Hills, Los Angeles','United States','NSNweekend'
'@KrielkipNL DUO is de eigenaar van de kaart, hun site biedt uitkomst, zie hier http://bit.ly/mPsxXM Fijne #NS treinreis ','Utrecht','Utrecht','The Netherlands','NS_online'
'huuuah senin UAN -.- http://www.koprol.com/s/1V46P ','Sukun','Sukun, Kota Malang','Indonesia','nurul_aku'
'Yup sorry. come get the people in shaving cream. The best fun fun fun fun fact: I love beautiful girls.  http://t.co/uhLMjEC ','Starkville','Starkville, MS','United States','okimmydee'
'Tuiteando mientras @snake350 molesta a @luisnux ','Guadalajara','Guadalajara, Jalisco','Mexico','olvera9'
'mari tidur besok harus berangkat pagi2 ','Sidoarjo','Sidoarjo, Sidoarjo','Indonesia','onadhiar'
'Just posted a photo  @ Seehaus im Englischen Garten http://instagr.am/p/CldNV/ ','Munich','Munich, Munich','Germany','OnkelKurti'
'@KalimbaMX Sigue adelante nio, y regalanos pronto el privlegio de verte arriba del escenario. Bendiciones ','Hermosillo','Hermosillo, Sonora','Mexico','ortizjeanette'
'Time-table Paul Elstak @ Outland, Rotterdam online: http://hyv.es/h5AcHq  @ Outland - Rotterdam ','Het Lage Land','Het Lage Land, Rotterdam','The Netherlands','Outland_Rdam'
'cowo itu deket sama yang namanya obral kata manis ','Kota Tangerang','Kota Tangerang, Banten','Indonesia','PacarDanSahabat'
'Eu no colo! Apenas pego pistas para reflexo com os colegas. ','Castelo','Castelo, Espxedrito Santo','Brasil','PaIavras'
'god, imagine her belly? full of butterflies or what ','Harlow','Harlow, Essex','United Kingdom','paigleek'
'Tudo vai dar certo no final. E se no der certo, pelo menos vai ser engraado. - Comer Rezar Amar ','Janaxfaba','Janaxfaba, Minas Gerais','Brasil','partesdelivros'
'I just ousted @mzmegaa as the mayor of SMAN 9 BINSUS MANADO on @foursquare! http://4sq.com/cxp4oc ','Sario','Sario, Kota Manado','Indonesia','patriciacynthia'
'In the studio me n slim http://t.co/0c3ifo6 ','Lakeview','Lakeview, Dayton','United States','patron937'
'I want to win a MacBook Air, Xbox 360, Three MiFi and more! http://bit.ly/hEfKaV from @recombu and #Three for a very #ThreeMiFiChristmas ','East Cambridgeshire','East Cambridgeshire, Cambridgeshire','United Kingdom','Paul_Conway'
'Bom Dia amores, td bem com vcs? ','Praia Grande','Praia Grande, Sxe3o Paulo','Brasil','pelanzameuanjoo'
'RT Deskundigheid en persoonlijke aandacht. @Proctologie We willen graag meer weten over werkgroep Goud in Handen van #SBP #Durftevragen ','Huizen','Huizen, North Holland','The Netherlands','PelvicMotion'
'helo tweeps :) baru join di twitter nih ~ ','Jakarta Capital Region','Jakarta Capital Region, Indonesia','Indonesia','petikan_buku'
'mandiiiiiiiiiiiiiii /_ im the pyramid /_ ','Jakarta Capital Region','Jakarta Capital Region, Indonesia','Indonesia','petrapanjaitan'
'@Linnheuvelmans Ja. Ik heb lekker gewerkt. ','Rotterdam','Rotterdam, South Holland','The Netherlands','pieci00'
'murid kencing bersama gurunyaRT @loungekaskus: Guru kencing berdiri, murid kencing ber...???? http://kask.us/8244670 ','Cimanggis','Cimanggis, Depok','Indonesia','pipinbolang27'
'Im at Trningsvrket in Malmo http://gowal.la/c/3nrpS ','Malmo','Malmo, Skxe5ne','Sweden','pjedlund'
'Those who cannot remember the past are condemned to repeat it. ','Downtown Plano','Downtown Plano, Plano','United States','planomike'
'Good Morning, Good Afternoon, Good Evening World!!!! Love GOD and Love Everyone at all times. Pleasure Ellis ','Jacksonville','Jacksonville, FL','United States','PleasureEllis'
'@AlexanderRink Lijkt op een 1 april grap. Ik zou contact opnemen met de afzender politie Utrecht. ','Utrechtse Heuvelrug','Utrechtse Heuvelrug, Utrecht','The Netherlands','PolitieKLPD'
'RT @andjohan: Jeg leder efter en #umbraco-udvikler til et projekt meget snart. DM mig eller mail p andreas@klean.dk. RT meget gerne. ','Bogholdergxe5rdens','Bogholdergxe5rdens, Copenhagen','Denmark','porcupinex'
'at a rebecca black vai pro rock in rio e eu no ','Janaxfaba','Janaxfaba, Minas Gerais','Brasil','porracaio'
'@postsecret last night was worth the drive from Canada! Frank, thanks for taking the time to listen to me talk afterwards. RT@vivianchongg ','Maryland','Maryland, US','United States','postsecret'
'@xkweerienuh kan dat niet worden bijgezet dan? o: hij staat je nmlk wel c: ','Haren','Haren','The Netherlands','pr0w'
'BLAH BLAH BLAH!.......x ','Langbourn','Langbourn, London','United Kingdom','PrettiMandi'
'lunch by rain... (@ Bank BRI Jepara) http://4sq.com/9whffb ','Jepara','Jepara, Jepara','Indonesia','Priangga'
'A vida me ensinou a dizer adeus s pessoas que amo, sem tir-las do meu corao (Charles Chaplin) @DayNazzi #ForaDay ','Mogi das Cruzes','Mogi das Cruzes, Sxe3o Paulo','Brasil','priyumifujimoto'
'ga nieuwe ava zetten ','Station-Zuid WTC','Station-Zuid WTC, Amsterdam','The Netherlands','progico'
'@GangstaBooQOM i wss thinking the same thing, his shits almost gone!!! ','Churchill','Churchill, PA','United States','QuayMaclipGloss'
'I just ousted @alfreedtech as the mayor of Sushi Grill Intercon  on @foursquare! http://4sq.com/9biFnu ','Kembangan','Kembangan, Jakarta Barat','Indonesia','RadjaMesoem'
'vou dormir, beijos ','Cascavel','Cascavel, Paranxe1','Brasil','rafa_rebellato'
'Finally after chick check I can eat.. Yumm (@ KFC Hasanuddin  International Airport) http://4sq.com/kQQCct ','Gambir','Gambir, Jakarta Pusat','Indonesia','ramabizkid'
'#nowplaying pergilah kasih by @MarsyaManopo http://myloc.me/jyTC1 ','Ciputat','Ciputat, Tangerang','Indonesia','Ramu_Sisayra'
'@Juliia_klein Saiu e me largou falando sozinho hein mocinhaa! hehehehehehehe ','Bauru','Bauru, Sxe3o Paulo','Brasil','RaphaEsmeraldi_'
'Welcome to the danger zone!!!!!! ','Santos','Santos, Sxe3o Paulo','Brasil','raphamedinaxD'
'@Sophia_Maciel Ow, super pra ir pra l! Hoje  outro pico, tem que ser! E sem rols por ai... kosaoksaoks ','Balnexe1rio Camborixfa','Balnexe1rio Camborixfa, Santa Catarina','Brasil','RawrIsrael'
'Im at Hilton Tampa Airport Westshore Hotel (2225 North Lois Avenue, Boy Scout Blvd, Tampa) http://4sq.com/kH7Wn4 ','Hilton Tampa Airport Westshore','Hilton Tampa Airport Westshore, Tampa','United States','ReallyTevo'
'@starlyshop   ~~ ','Midtown Center','Midtown Center, New York','United States','Realtaeyang'
'Go Ahead OKC #goodgame , Memphis #Wtf you lost #badgame ','Georgia','Georgia, US','United States','RedBPlay'
'Dont be saying shit that aint true ','Palmdale','Palmdale, CA','United States','ReluctantRobert'
'Happy hour dos campeos!! *rs (@ Donatello Pizzaria) [pic]: http://4sq.com/mPRPhj ','Londrina','Londrina, Paranxe1','Brasil','reverbcity'
'@DonLevz yeah g its going in though. Im due to cause a scene http://myloc.me/jcl6N ','Croydon','Croydon, London','United Kingdom','RhysRozay'
'Pengen ntn gnomeo & juliet &gt;,&lt; ','Lakarsantri','Lakarsantri, Kota Surabaya','Indonesia','riacious'
'America lets go baby yeah buddy ! ','California','California, US','United States','RiCARDO_GTL'
'@ThabataViana  Boa noite!! Foras e se est muito cansada, deita e pe a cabea no lugar, descansar faz parte do processo!! =D Boa noite!! ','Caicxf3','Caicxf3, Rio Grande do Norte','Brasil','ricky_wylde'
'Jenguk orang sakit rame !  (_)..  http://myloc.me/iEPy6 ','Ciputat','Ciputat, Tangerang','Indonesia','riskaputrilebe'
'Wil je de nieuwsbrief van het Rode Kruis afdeling Walcheren ontvangen? Mail naar walcheren@redcross.nl ','Zeeland','Zeeland, The Netherlands','The Netherlands','RKWalcheren'
'Waz up Twitter, im new so anybody hit me up ','Biloxi','Biloxi, MS','United States','RobertMcIntyre1'
'Hej Stockholm! (@ Stockholm Centralstation w/ 6 others) http://4sq.com/i94jxz ','Stockholm','Stockholm, Stockholm','Sweden','robert_edlund'
'Ronaldo mahir kali..wow [Like it? http://goo.gl/aZJ3O ] ','Medan Maimun','Medan Maimun, Kota Medan','Indonesia','Rode_CONDORR'
'Im at Tashas Caf (Morningside Shopping Center, Rivonia Road, Morningside) http://4sq.com/k41CQa ','Sandton','Sandton, Gauteng','South Africa','rolyman'
'   . PS: Location :D ','u041cu043eu0441u043au0432u0430','u041cu043eu0441u043au0432u0430, u041cu043eu0441u04','u0420u043eu0441u0441u0438u044f','RomaTweetcorn'
'Srio. Esse indiano, Dr. Pillai, sabe alguma coisa q a gente no sabe. http://www.youtube.com/user/DattatreyaSivaBaba#p/a/f/1/w-q8ATFWjuU ','Sxe3o Paulo','Sxe3o Paulo, Sxe3o Paulo','Brasil','rosana'
'to em sp, calor dos infiernos D: ','Sxe3o Paulo','Sxe3o Paulo, Sxe3o Paulo','Brasil','roshiin'
'New blog post: Open Letter To An STO Bus Driver http://bit.ly/gh0oDD. Im shaking from the cold and with rage. #Gatineau ','Ottawa','Ottawa, Ontario','Canada','RossBrownfoot'
'Shooting a taser is hard. Its tough to shoot around the BMX. @RobBreakenridge ','Toronto','Toronto, Ontario','Canada','RoyceKoop'
'eu s vou ser feliz o dia q eu meteoro cair na sua cabea! #morrediabo ','Terra Rica','Terra Rica, Paranxe1','Brasil','ryan_rooutz'
'(.) ( )  RT @HEYDIIRISA: aneh ! RT @rzalranger: wleeekk -,- RT @HEYDIIRISA: kangen sm sape jal ? alfan ? ckckck baru tau gw ','Kota Bandung','Kota Bandung, West Java','Indonesia','rzalranger'
'Wen She Say I love you During Sex #SheWantsTheDickDEEPER ','North Plainfield','North Plainfield, NJ','United States','SAMTheEnigma'
'roti maryame enak (@ Aquanos cafe) http://4sq.com/fUEjTW ','Dau','Dau, Malang','Indonesia','santonsujarwo'
'You are scared to death to the degree that you put your glory in something that can die. - Tim Keller ','Conway','Conway, Orlando','United States','sarahbethwesley'
'Perbaikan gizi Mujaer bakar ayam kremes cah kangkung lalaban teh manis () http://myloc.me/jrZWm ','Ciputat','Ciputat, Tangerang','Indonesia','sasanicola'
'@maleo a bit of loaf if looks like =] ','Birmingham','Birmingham, Birmingham','United Kingdom','seannr87'
'Develop your IT Career with online certification courses from Microsoft , Cisco and others - http://www.secureadvice.co.uk/product.php ','Saint Albans','Saint Albans, Hertfordshire','United Kingdom','SecureAdvice'
'Hhe,iya RT @Sha_Margareth: @seilafmbatam eiiih k @Aya_Rhine lagi yg On air :D http://myloc.me/jLFDs ','Sekupang','Sekupang, Kota Batam','Indonesia','seilafmbatam'
'Ive succumbed to the tweet. Never thought I would....hence the phrase, never say never! ','Annapolis','Annapolis, MD','United States','seleysellshomes'
'semangat amat ceritanya ','Kedaton','Kedaton, Kota Bandar Lampung','Indonesia','selkosan'
'Nunca feche os olhos para o mundo, pois h pessoas no mundo que esperam o seu olhar. ','Sxe3o Paulo','Sxe3o Paulo, Sxe3o Paulo','Brasil','SensibiIidade'
'Just stopping to get a little mini snack ;) (@ Krystal) http://4sq.com/mJJQnf ','Krystal Burgers','Krystal Burgers, Columbus','United States','sexiprince09'
'Copenhagen is such a quiet city. Its time 4 me 2 sleep after a long & exhausting day. Proud I finished reading book during flight #Inkitab ','Copenhagen','Copenhagen, Capital Region','Denmark','Shad84'
'@DeezyMarie2 im talking bout my eyes lol ','Philadelphia','Philadelphia, PA','United States','Sha_Beezie20'
'Makasih :) RT @1031Genfmsby: #yangdiputarsekarang @sheilaon7 Mudah Saja #SO7Berlayar ','Kebon Jeruk','Kebon Jeruk, Jakarta Barat','Indonesia','sheilaon7'
'buang buang waktu aku aja ihhh ... http://www.koprol.com/s/1TeFn ','Ngamprah','Ngamprah, Bandung','Indonesia','sherlyy_bagea'
'RT @crimperman: @shipoffoolscom: So when I said I wanted to jump ship - I wasnt meaning ship of the desert! http://is.gd/pjn5e7 ','Mayfair','Mayfair, London','United Kingdom','shipoffoolscom'
'@ouicestbelle yay! tomorrow You can listen to whatever we come up with via http://t.co/pHq7Usl ','Lambeth','Lambeth, London','United Kingdom','Shlomo'
'multiple papers to write in 2 days... ','Barracks Road','Barracks Road, Charlottesville','United States','siemprechipil'
'@remysanders hoop het nog lang niet want dan ben ik twee uur te laat! ','Gouda','Gouda, South Holland','The Netherlands','Silly297'
'O RODRIGO FICO, PORQUE TODO MUNDO ODEIA O CHRIS... FAZENU PIADA EU MAGINA ?!?!?! ','Sxe3o Paulo','Sxe3o Paulo, Sxe3o Paulo','Brasil','SilvinhoDiva'
'Check out the new arrival of sexy toys... http://www.sixtyninesecrets.com ','Elmhurst','Elmhurst, New York','United States','sixtyninesecret'
'@TearSong oeh, nee, maar die wil ik nog wel eens live zien! ','Baarn','Baarn','The Netherlands','skoopnl'
'P: Qual o estilo de vcs? - R: Rock Sacana Catico Universitrio. ','Rio de Janeiro','Rio de Janeiro, Rio de Janeiro','Brasil','skorerock'
'Morning folks ','Nashville','Nashville, TN','United States','sloanb'
'@xxstefaniexxx zei je zelf xD ','Schouwen-Duiveland','Schouwen-Duiveland, Zeeland','The Netherlands','sloert'
'#Photo : @dickymprasetyo tampak samping. Haha. () http://plixi.com/p/96999875 ','Central Borneo','Central Borneo, Indonesia','Indonesia','SMASHBJM'
'lalalalalaa ','East Java','East Java, Indonesia','Indonesia','SMASHBojonegoro'
'At work (@ Dyanne Beekman Headquarters) http://4sq.com/gwJcVx ','Amsterdam','Amsterdam','The Netherlands','snaaij'
'kumerindu . Cuih lebay *ketawasendiri* http://www.koprol.com/s/1X2CW ','Tangerang','Tangerang, Kota Tangerang','Indonesia','sofyanWN'
'This morning is a master blend of work, friends and Guatemalan coffee. (@ sips downtown kaf) http://4sq.com/eSJ7pc ','Starbucks Coffee','Starbucks Coffee, Shawnee','United States','SoldonShawnee'
'Im at Arniston http://4sq.com/hEjPEO ','Arniston','Arniston, Western Cape','South Africa','SophieMayer'
'Hahaha, follow @Queen_UK !! The most hilarious tweets about the #RoyalWedding RT: @Queen_UK - OK, back to the Palace. #ginoclock ','Bxe6rum','Bxe6rum, Akershus','Norway','sophiesvestadio'
'You Niggas Aint Fucking With Me ','Old Mountain View','Old Mountain View, Mountain View','United States','sour_dz_pbc'
'TOP 3 AIR SAX JAMS: JAMES PANTS- ALONE, DEERHUNTER-CORONADO, DURAN DURAN- RIO (12 DANCE MIX) ','Atlanta','Atlanta, GA','United States','SouthCackNeezy'
'Difference between a big club and a small club. For Arsenal 2nd = failure. For Tottenham 4th = overwhelming success. #COYG #FOYS ','North Somerset','North Somerset, North Somerset','United Kingdom','southwestgooner'
'Living school now half a day/ Obama on Monday coming to my school chec..mad I was elected ','Washington','Washington, DC','United States','Special_Summer'
'Ready for the Battle of Flowers Parade? We are! #GoSpursGo http://picplz.com/QvT8 ','Memphis','Memphis, TN','United States','spurs'
'kyapa leh ng tatawa?....RT@christi_nesa Hahahahahh XD RT @Stanly_Kiraling: Ehh brooo.. (~) RT @guntur_jefri: Ehm. . ','Malalayang','Malalayang, Kota Manado','Indonesia','Stanly_Kiraling'
'Waking up to @chiodos as an alarm is a great start to my day! Cant wait for next friday dudes!! ','Socastee','Socastee, SC','United States','stephiodos'
'Im at Casa Obet (Groningen) http://4sq.com/fyMh34 ','De Groene Weyde','De Groene Weyde, Groningen','The Netherlands','stevie_k'
'Marketers Use Predictive Analytics Crystal Ball to Acquire and Retain More Customers http://on.mktw.net/aqCDzO ','Downtown Miami','Downtown Miami, Miami','United States','subliminalpixel'
'Lying in bed watching Dragonball GT, early shift tomorrow! (@ New Cumnock) http://4sq.com/ifw5Ak ','East Ayrshire','East Ayrshire, East Ayrshire','United Kingdom','sunnythesurf'
'Met makan @viEnnaivaNa :-* (@ Leko Spesialis Iga Sapi Penyet) http://4sq.com/le8JOP ','Gubeng','Gubeng, Kota Surabaya','Indonesia','surgum86'
'Why we gotta buy glock nines just to stay alive? ','San Leandro','San Leandro, CA','United States','swaggteamlife'
'LIGHT* ','Porto Alegre','Porto Alegre, Rio Grande do Sul','Brasil','sweetmarichi'
'Ia ephi tugh setan RT @evishartyka: Dasar iblis :PRT @SYAIFULroriss: Dasar setan &gt;:O http://myloc.me/i9ilI ','Cilincing','Cilincing, Jakarta Utara','Indonesia','SYAIFULroriss'
'Eigenwoningbezit als extra spaarpot voor de oude dag? Vandaag bij www.pensioenexpeditie.nl ','Amsterdam','Amsterdam, North Holland','The Netherlands','syntrusvastgoed'
'Im at Bar-Restaurant zur Schmyede (Hauptplatz 15, Oberpullendorf) http://4sq.com/mvb9qw ','Oberpullendorf','Oberpullendorf, Oberpullendorf','Austria','szda'
'(@  (Akihabara Sta.) w/ @estateocchi) http://4sq.com/iSARxy ','Utsunomiya City','Utsunomiya City, Tochigi','Japan','tabun_ne_'
'2050Covance342,500 ','Nuuanu - Punchbowl','Nuuanu - Punchbowl, Honolulu','United States','tambao2011'
'@CokeWhore Im ready ','Sacramento','Sacramento, CA','United States','tatumnlove'
'meu domingo foi: nadar dormir ','Sxe3o Paulo','Sxe3o Paulo, Sxe3o Paulo','Brasil','Ta_keshi'
'acabei de coomer muito t gorda :( ','Belo Horizonte','Belo Horizonte, Minas Gerais','Brasil','thayslopez'
'@nataliamazzuchi VEI QUE QUE SE VAI FAZE NA ESCOLA A TARDE HOJE? PQP EM ','Sxe3o Carlos','Sxe3o Carlos, Sxe3o Paulo','Brasil','Thecomedown_'
'@LiveLoveSparkle Lol. I was treated. ','Bennsville','Bennsville, MD','United States','TheKiddJMal'
'@MusicDM @lytej Sure can at www.reverbnation.com/theresaleoniy or my web site at www.theresaleoniy.com  Have a blessed day & enjoy my music. ','Williamsburg Hamlet','Williamsburg Hamlet, Houston','United States','TheresaLeoniy'
'Peuters in achterhoek onder druk (@ Dorpsschool Halle) http://4sq.com/i3zsjE ','Doetinchem','Doetinchem, Gelderland','The Netherlands','thetaub'
'Want 2 tickets to tonights show in Kansas City, MO? Tweet about my new EP using this link http://j.mp/dU5Ol6 & 1 person will randomly win. ','Kansas City','Kansas City, MO','United States','thetylerbryant'
'Im at LA lights Bruno Mars Concert (Istora Senayan, Jakarta Capital Region) w/ 41 others http://4sq.com/dTmGtc ','Kebayoran Lama','Kebayoran Lama, Jakarta Selatan','Indonesia','Thompson_smith'
'Just got to @Hanselprincipe s party &lt;3 ','New York','New York, NY','United States','tiffdiamonds131'
'Im at Blanchards (103 Harvard Ave, Brighton Ave, Allston) http://4sq.com/f8gv72 ','Hooters','Hooters, West Springfield','United States','Tigersmith'
'Fleet Foxes still got it http://goo.gl/Gt0cJ ','Stamford Hill','Stamford Hill, London','United Kingdom','timwalker'
'Cloud computing is not without its risks - Hootsuite and Foursquare are having a little break this morning. http://on.mash.to/her9W1 ','Downtown Vancouver, BC','Downtown Vancouver, BC, Greater Vancouver','Canada','Tim_Swanson'
'Guess whos stuck in New Mexico??? ','Grants','Grants, NM','United States','TinaLynn_'
'Esse professor(a) no gosta de mim. #TodoAluno ','Morlupo','Morlupo, Rome','Italy','TodoAlunno'
'@LinziLou_x How do you add your location and get it to change when you go somewhere else on the iPhone? ','Hillingdon','Hillingdon, London','United Kingdom','Tom91Gunner'
'iPhone offline -&gt; iPad online = bereikbaar via Twitter en Mail. Op naar de #AutoRAI ','Groningen','Groningen, Groningen','The Netherlands','tomroos'
'um bom dia a todos os twitteros.. ','Houston','Houston, TX','United States','tom_nyck'
'Did you miss Trace on Fox and Friends this Morning! Well you can watch it now. http://bit.ly/TAFoxApril11TW ','Nashville','Nashville, TN','United States','TraceAdkins'
'Goooooooooooooooooooooooooooooood Night & Gooooooooooooooooooood Bless My Followers Love Yall ','Atlanta','Atlanta, GA','United States','TreatWomenRight'
'- Al, voc vai pegar onibus? - Vou, por que? -  que voc t no ponto! (@CantadasFodas) #TrotesFail ','Goixe2nia','Goixe2nia, Goixe1s','Brasil','Trotesfail'
'ESTOU INDO PRA GANG DO IGUATEMI DE PORTO ALEGRE! FUI! ','Porto Alegre','Porto Alegre, Rio Grande do Sul','Brasil','TUDOERAS'
'O nosso especial com receitinhas para as festas de fim de ano est incrvel! http://bit.ly/fLS4Re ','Curitiba','Curitiba, Paranxe1','Brasil','Tudo_Gostoso'
'In the set with the homie @SlimisBUBBLIN ','Inglewood','Inglewood, CA','United States','TurtleSOLOco'
'Its official. After three months of testing, google voice has saved me 12 dollars per month in SMS overage fees. Next step VOIP. ','Civic Center','Civic Center, San Francisco','United States','TuskAnnihilator'
'@DMTintheCity theyve removed support for TwitLonger in their official apps. Plenty other apps fo support it: http://Twitlonger.com/apps ','North Down','North Down, North Down','United Kingdom','twitlonger'
'What tip do you most often share with people who could learn a thing or two about using Twitter? #TwitterTip ','SoMa','SoMa, San Francisco','United States','twitter'
'@CarlosWaltz Apague minha foto ento kk ','Joinville','Joinville, Santa Catarina','Brasil','uiulian'
'Check out this Hand Picked Member Collection on ArtFire.com http://bit.ly/gHEfrd Im in this beautiful collection ','Umapine','Umapine, OR','United States','valldawnsdesign'
'@yolandestrikker de rode Thaise curry was bijzonder spicy, zoals t hoort. Nablussen met pecan caramel-ijs-frambozen-balsamico en 3 kaasjes ','Rotterdam','Rotterdam, South Holland','The Netherlands','vangeest'
'Happy birthday Mom ()`) (@ Gubuk Makan Mang Engking) http://4sq.com/m6RJGq ','Gondomanan','Gondomanan, Kota Yogyakarta','Indonesia','vaniarealstar'
'@StickyFingazz_ Whats up home boi(: ','Phoenix','Phoenix, AZ','United States','VeeNastayy'
'Salah mention dut? @gorgeousdhita: Apa ini mksdnya? Wah parah, bikin iri ()  RT @veliangkos: At @jejeboo s home with @gorgeousdhita  ht ','Tanjung Priok','Tanjung Priok, Jakarta Utara','Indonesia','veliangkos'
'Hoje minha me tirou a manha ppara me irritar ','Goixe2nia','Goixe2nia, Goixe1s','Brasil','viana_miguel'
'Leven in bakkum is bad! Niet uit te houden in Castricum. Zo naar het strand - http://moby.to/7aw1ik ','Castricum','Castricum, North Holland','The Netherlands','vincente'
'happy birthday @ayugoib best wishes beb :* ','Jakarta Capital Region','Jakarta Capital Region, Indonesia','Indonesia','vincyvincent'
'@gabimerjan parabens amor tudo de bom muitas felicidades e ve se no some viuuu ','Santos','Santos, Sxe3o Paulo','Brasil','ViniciusBogado'
'@nnuuuyy @iindriindrii q jga gak msuk tman. . . :) ','Jakarta Capital Region','Jakarta Capital Region, Indonesia','Indonesia','VitaAdjaaahh'
'@Realaaroncathey thnx:) ','Orlando International Airport','Orlando International Airport, Orlando','United States','vmltweets'
'Vandaag een lekkerkantoordagje.... ','Dongeradeel','Dongeradeel, Friesland','The Netherlands','Waagdokkum'
'Soul II Soul  Back To Life http://bit.ly/mG6dwR #1Xtra #NowPlaying ','Westminster','Westminster, London','United Kingdom','WhatsOn1Xtra'
'it never ends, tell me im right ','Lier','Lier, Buskerud','Norway','whtcnuxpct'
'#np Yovie and The Nuno - Maukah Denganku http://wp.me/pkIMn-2R ','Sleman','Sleman, Sleman','Indonesia','widhiecyber'
'@ayu_sachi masi yu :D ','Jakarta Capital Region','Jakarta Capital Region, Indonesia','Indonesia','wilboweed'
'@cahcastiglioni tudo bom ? ','Curitiba','Curitiba, Paranxe1','Brasil','WillianDiog'
'@johntabin Thats what they want you to think! ','Iowa City','Iowa City, IA','United States','willwilkinson'
'sekarang malem jumat ya? hmmm miris http://myloc.me/jM9AY ','Matraman','Matraman, Jakarta Timur','Indonesia','windadudo'
'@RichPplz lmao Werd mama got 5 loads 2mrw ','New York','New York, US','United States','wonderfuldreamr'
'Would love to see Chamakh come on and score this afternoon; the lad worked very very hard for us early in the season. Rate him highly. ','Brighton and Hove','Brighton and Hove, Brighton and Hove','United Kingdom','Woodgateat'
'Hey, WSJ.com is free today! Enjoy the whole site, including subscriber-only articles and features. ','Manhattan','Manhattan, NY','United States','WSJ'
'@TheWinnerIs_BH when is the fair ','Detroit','Detroit, MI','United States','X0ButterfliesX0'
'@ElltonOliveira1  aveeeeeeee , segredo nosso rs ','Salto','Salto, Sxe3o Paulo','Brasil','xandcruz'
'ff boodschappen doen met mn moeder @ #Grou. ','Boarnsterhim','Boarnsterhim, Fryslxe2n','The Netherlands','xJitske'
'@anthony_demaio Ive had that craving all day!!! ','Southington','Southington, CT','United States','xmisskatielynn'
'@grindcoresinga follback dong bro :) sukses m/ visit www.xtremezine.co.cc ','Setia Budi','Setia Budi, Jakarta Selatan','Indonesia','XtremeZine'
'This is what I get for taking a long ass nap. Imma b up alll night now. ','Chicago','Chicago, IL','United States','X_LiZZyBOO'
'@SchmexyDork lmao! well i havent ','Dover','Dover, DE','United States','YaBoiPantherD'
'Oi amoreeeeeeeeeees, @Maah_ar aqui ;) ','Sxe3o Paulo','Sxe3o Paulo, Sxe3o Paulo','Brasil','YesColirios'
'Im at 7-Eleven (Komplek Viky Sianipar Manggarai, Jl. Minangkabau Timur No. 43, Jakarta Selatan) http://4sq.com/jsPohM ','Setia Budi','Setia Budi, Jakarta Selatan','Indonesia','yeyesutowo'
'@DJRudebwoyHMS Hell yeah as soon as i get on itunes .. i head straight to that album & press shuffle on that bitch .. haha ','Miami','Miami, FL','United States','Yoda_Fashoda'
'@Jade_X92 MMMMMHMMMMMMM ','Oadby and Wigston','Oadby and Wigston, Leicestershire','United Kingdom','yorkiemush'
'Gotta love sports marketing pool tournaments all class!! ','Houston','Houston, TX','United States','YoungPhenom314'
'Sheen. Masonic Center. #winning ','Downtown','Downtown, San Francisco','United States','YourFavWhiteGuy'
'Wkwk kan gw beneran :D RT @mcsauttobing: @yudhie_inc tolong ya....kl orang sdg cari makan jangan di ganggu...tar gue telen lo....wakakkaakka ','Tanah Abang','Tanah Abang, Jakarta Pusat','Indonesia','yudhie_inc'
'Koolin to some Eazy-E!... Original Gangsta for real... ','Cincinnati','Cincinnati, OH','United States','YungHollywood7'
'Short hair. Hmmm? ','Bexley','Bexley, London','United Kingdom','ZarahEdwin'
'Back to Work ','New York','New York, NY','United States','ZekoEon'
'Im at Aeroporto Internacional de Navegantes Ministro Victor Konder (NVT) ? http://4sq.com/gNGblS ','Aeroporto Internacional de Navegantes','Aeroporto Internacional de Navegantes, Navegantes','Brasil','zetecbs'
'Boa Noite! Vamos cantar? D, R, Mi, F, F, F... D, R, D R, R, R... D, Sol, F, Mi, Mi, Mi... D, R, Mi, F, F, F! ','Rio de Janeiro','Rio de Janeiro, Rio de Janeiro','Brasil','Zodiac_Girls'
'@Urban_Boy08 lol you can have some if you bring me a 6 pack of smirnoff ','Baton Rouge','Baton Rouge, LA','United States','_DestdaBest'
'a voz do menininho do A Creche do Papai  muuuito mais fofinha em Ingles :PP ','Novo Horizonte','Novo Horizonte, Sxe3o Paulo','Brasil','_felipeferraz'
'why is everything so confusing? ','Sxe3o Paulo','Sxe3o Paulo, Sxe3o Paulo','Brasil','_laaricardoso'
'A @ITCAROL  A MENINA MAIS DIVA DA FACE DA TERRA! ELA  DEMAIS :) ','Sxe3o Paulo','Sxe3o Paulo, Sxe3o Paulo','Brasil','_RafaelCunha'
'saat bersih bersih kamar dan ngerapihin.. m/ ','Kota Yogyakarta','Kota Yogyakarta, Yogyakarta','Indonesia','_RafiJodyKurnia'
'temperature down 73F -&gt; 71F  humidity up 63% -&gt; 67%  wind 8mph SSE -&gt; 6mph SSE  pressure 29.75in rising ','San Antonio','San Antonio, TX','United States','_SanAntonioTX'
'@thesia_taemin premium jelas. wkwkw mian,saeng,bukannya eon gmau, tpi tmen eon juga uda kburu cuma booking 1 uyy :( dy byar pke CC soalnya ','Kota Bandung','Kota Bandung, West Java','Indonesia','_shineelaine'
'RT @imanimanilynn_ Bitches are so fuckin annoying. ','Philadelphia','Philadelphia, PA','United States','_TweetyHatesYou'
'pabila ?RT @Mahriita iiyekeh kena lah ku konfirm nya :D RT @_wekwek_: wekwek defghijklmnopqrstu tuh sdh ku add RT @Mahriita ikm pang npa ng ','Central Borneo','Central Borneo, Indonesia','Indonesia','_wekwek_'
